Price,Close,High,Low,Open,Volume
Ticker,BTC=F,BTC=F,BTC=F,BTC=F,BTC=F
Date,,,,,
2017-12-18,19100.0,20650.0,18345.0,20650.0,1054
2017-12-19,18200.0,19725.0,17180.0,19135.0,559
2017-12-20,17040.0,18350.0,16435.0,17745.0,784
2017-12-21,15330.0,17270.0,15080.0,16400.0,879
2017-12-22,14135.0,15825.0,12265.0,15595.0,2374
2017-12-26,15785.0,16100.0,13700.0,13900.0,406
2017-12-27,14690.0,16545.0,14460.0,15655.0,507
2017-12-28,13745.0,15280.0,13360.0,15150.0,746
2017-12-29,14470.0,15005.0,13835.0,13965.0,1078
2018-01-02,14855.0,15245.0,13080.0,13955.0,734
2018-01-03,14975.0,15450.0,14650.0,14900.0,719
2018-01-04,14900.0,15470.0,14205.0,14925.0,760
2018-01-05,16590.0,16845.0,14870.0,15085.0,814
2018-01-08,14905.0,16455.0,13870.0,16425.0,958
2018-01-09,14750.0,15365.0,14185.0,14675.0,863
2018-01-10,14450.0,14720.0,13480.0,14405.0,887
2018-01-11,13385.0,14910.0,12820.0,14500.0,1298
2018-01-12,13945.0,14080.0,12850.0,13000.0,787
2018-01-16,11160.0,14280.0,11160.0,13600.0,2552
2018-01-17,10945.0,11800.0,9225.0,11190.0,2657
2018-01-18,11815.0,12075.0,10645.0,11125.0,1708
2018-01-19,11360.0,12030.0,10990.0,11335.0,979
2018-01-22,10355.0,11830.0,9955.0,11300.0,1137
2018-01-23,11095.0,11350.0,9865.0,10625.0,1241
2018-01-24,11115.0,11455.0,10435.0,10790.0,838
2018-01-25,11245.0,11710.0,10830.0,11090.0,769
2018-01-26,10925.3701171875,11570.0,10925.3701171875,11355.0,573
2018-01-29,11170.0,11775.0,10970.0,11510.0,463
2018-01-30,9940.0,11245.0,9720.0,11120.0,1137
2018-01-31,10000.0,10275.0,9500.0,10000.0,842
2018-02-01,9090.0,10175.0,8480.0,10020.0,1485
2018-02-02,8585.0,9075.0,7750.0,8890.0,2535
2018-02-05,7260.0,8315.0,6870.0,8305.0,2186
2018-02-06,7550.0,7920.0,5970.0,6850.0,2234
2018-02-07,8245.0,8540.0,7235.0,7620.0,1379
2018-02-08,8325.0,8690.0,7645.0,7790.0,906
2018-02-09,8610.0,8770.0,7715.0,8165.0,764
2018-02-12,8860.0,8920.0,8075.0,8380.0,679
2018-02-13,8700.0,9000.0,8335.0,8925.0,550
2018-02-14,9290.0,9390.0,8505.0,8505.0,944
2018-02-15,10090.0,10180.0,9375.0,9400.0,1783
2018-02-16,10020.0,10265.0,9675.0,10090.0,1101
2018-02-20,11735.0,11760.0,10315.0,10350.0,2080
2018-02-21,10370.0,11340.0,10220.0,11240.0,1326
2018-02-22,10085.0,10900.0,9710.0,10505.0,1168
2018-02-23,10319.4296875,10360.0,9590.0,9975.0,0
2018-02-26,10250.0,10390.0,9270.0,9680.0,745
2018-02-27,10660.0,10875.0,10100.0,10285.0,761
2018-02-28,10645.0,11005.0,10330.0,10665.0,1130
2018-03-01,11065.0,11100.0,10220.0,10450.0,1345
2018-03-02,11060.0,11215.0,10760.0,11035.0,748
2018-03-05,11615.0,11700.0,11340.0,11350.0,990
2018-03-06,10650.0,11655.0,10570.0,11595.0,1580
2018-03-07,9790.0,10880.0,9385.0,10735.0,1888
2018-03-08,9400.0,10100.0,9105.0,9970.0,2524
2018-03-09,9015.0,9445.0,8390.0,9350.0,2742
2018-03-12,8910.0,9940.0,8735.0,9490.0,2732
2018-03-13,9070.0,9515.0,8825.0,9165.0,3375
2018-03-14,8275.0,9395.0,8185.0,8905.0,2638
2018-03-15,8235.0,8450.0,7700.0,8005.0,3093
2018-03-16,8555.0,8640.0,7885.0,8340.0,3065
2018-03-19,8400.0,8720.0,8100.0,8275.0,2746
2018-03-20,8945.0,9025.0,8320.0,8420.0,2050
2018-03-21,8890.0,9185.0,8775.0,8990.0,1829
2018-03-22,8630.0,9095.0,8500.0,8905.0,2123
2018-03-23,8615.0,8770.0,8270.0,8650.0,2895
2018-03-26,7910.0,8650.0,7840.0,8650.0,2433
2018-03-27,7895.0,8270.0,7760.0,7880.0,3738
2018-03-28,7875.0,8100.0,7735.0,8010.0,3252
2018-03-29,7389.91015625,7995.0,7345.0,7885.0,1684
2018-04-02,6990.0,7150.0,6775.0,6905.0,3539
2018-04-03,7460.0,7520.0,6965.0,6975.0,2274
2018-04-04,6860.0,7440.0,6725.0,7430.0,2951
2018-04-05,6760.0,6925.0,6550.0,6790.0,4565
2018-04-06,6630.0,6890.0,6485.0,6760.0,2415
2018-04-09,6675.0,7225.0,6605.0,7025.0,3348
2018-04-10,6840.0,6880.0,6640.0,6705.0,1882
2018-04-11,6920.0,6970.0,6785.0,6860.0,1746
2018-04-12,7680.0,8105.0,6660.0,6920.0,4825
2018-04-13,8105.0,8235.0,7760.0,7790.0,3045
2018-04-16,7980.0,8445.0,7880.0,8005.0,3858
2018-04-17,7885.0,8180.0,7805.0,8015.0,2676
2018-04-18,8125.0,8240.0,7860.0,7870.0,2826
2018-04-19,8260.0,8315.0,8100.0,8190.0,2718
2018-04-20,8540.0,8585.0,8235.0,8300.0,2318
2018-04-23,8845.0,9015.0,8775.0,8910.0,2952
2018-04-24,9455.0,9465.0,8920.0,8965.0,4681
2018-04-25,8970.0,9765.0,8755.0,9480.0,10346
2018-04-26,8865.0,9185.0,8635.0,9170.0,4924
2018-04-27,9231.1201171875,9375.0,9115.0,9130.0,2190
2018-04-30,9365.0,9495.0,9140.0,9375.0,2999
2018-05-01,8985.0,9315.0,8815.0,9285.0,3143
2018-05-02,9150.0,9210.0,8985.0,9070.0,2093
2018-05-03,9675.0,9805.0,9180.0,9245.0,4177
2018-05-04,9670.0,9840.0,9540.0,9710.0,3762
2018-05-07,9435.0,9705.0,9160.0,9605.0,4705
2018-05-08,9235.0,9490.0,9010.0,9410.0,4435
2018-05-09,9280.0,9375.0,8955.0,9185.0,3015
2018-05-10,9090.0,9415.0,9040.0,9255.0,3063
2018-05-11,8625.0,9125.0,8380.0,9110.0,4980
2018-05-14,8755.0,8900.0,8285.0,8660.0,5754
2018-05-15,8555.0,8850.0,8435.0,8735.0,4222
2018-05-16,8250.0,8545.0,8115.0,8475.0,4978
2018-05-17,8180.0,8460.0,8115.0,8290.0,2872
2018-05-18,8230.0,8275.0,7915.0,8225.0,3390
2018-05-21,8375.0,8680.0,8320.0,8525.0,2701
2018-05-22,8180.0,8420.0,8070.0,8345.0,2341
2018-05-23,7590.0,8075.0,7425.0,8050.0,4586
2018-05-24,7580.0,7720.0,7230.0,7620.0,4427
2018-05-25,7493.93994140625,7650.0,7315.0,7530.0,2069
2018-05-29,7495.0,7580.0,7050.0,7190.0,5052
2018-05-30,7320.0,7620.0,7270.0,7505.0,2471
2018-05-31,7545.0,7660.0,7335.0,7335.0,2102
2018-06-01,7440.0,7620.0,7300.0,7550.0,2197
2018-06-04,7500.0,7900.0,7460.0,7715.0,1625
2018-06-05,7625.0,7670.0,7360.0,7515.0,2069
2018-06-06,7540.0,7695.0,7485.0,7605.0,1450
2018-06-07,7705.0,7780.0,7640.0,7695.0,1437
2018-06-08,7655.0,7705.0,7540.0,7670.0,1301
2018-06-11,6750.0,7120.0,6610.0,7120.0,3861
2018-06-12,6500.0,6890.0,6425.0,6770.0,3875
2018-06-13,6270.0,6620.0,6100.0,6470.0,5146
2018-06-14,6635.0,6705.0,6250.0,6275.0,4461
2018-06-15,6530.0,6670.0,6440.0,6670.0,2485
2018-06-18,6695.0,6785.0,6340.0,6495.0,2794
2018-06-19,6735.0,6840.0,6650.0,6710.0,1563
2018-06-20,6745.0,6815.0,6545.0,6705.0,2108
2018-06-21,6710.0,6780.0,6670.0,6705.0,1135
2018-06-22,6165.0,6735.0,5960.0,6705.0,3832
2018-06-25,6245.0,6345.0,6065.0,6150.0,4762
2018-06-26,6160.0,6275.0,6120.0,6255.0,3173
2018-06-27,6160.0,6210.0,5975.0,6210.0,3229
2018-06-28,6085.0,6180.0,6025.0,6140.0,1962
2018-06-29,5885.8798828125,5945.0,5805.0,5915.0,2512
2018-07-02,6625.0,6680.0,6260.0,6275.0,3977
2018-07-03,6580.0,6660.0,6530.0,6645.0,0
2018-07-05,6505.0,6700.0,6430.0,6690.0,6739
2018-07-06,6565.0,6640.0,6430.0,6490.0,2038
2018-07-09,6695.0,6760.0,6645.0,6745.0,1765
2018-07-10,6355.0,6785.0,6295.0,6695.0,3084
2018-07-11,6330.0,6380.0,6245.0,6355.0,2719
2018-07-12,6160.0,6365.0,6110.0,6355.0,3076
2018-07-13,6165.0,6340.0,6060.0,6160.0,3558
2018-07-16,6675.0,6710.0,6320.0,6370.0,3171
2018-07-17,7305.0,7470.0,6655.0,6665.0,5582
2018-07-18,7395.0,7595.0,7240.0,7385.0,6956
2018-07-19,7450.0,7510.0,7275.0,7325.0,4580
2018-07-20,7340.0,7700.0,7270.0,7435.0,6978
2018-07-23,7735.0,7820.0,7335.0,7380.0,8545
2018-07-24,8260.0,8365.0,7680.0,7740.0,11464
2018-07-25,8145.0,8490.0,8025.0,8255.0,11553
2018-07-26,8275.0,8310.0,8115.0,8260.0,6288
2018-07-27,7855.259765625,8030.0,7790.0,7960.0,9284
2018-07-30,8100.0,8265.0,7845.0,8140.0,8136
2018-07-31,7730.0,8200.0,7640.0,8120.0,9415
2018-08-01,7545.0,7760.0,7440.0,7695.0,9125
2018-08-02,7525.0,7700.0,7430.0,7460.0,5552
2018-08-03,7370.0,7560.0,7270.0,7525.0,5700
2018-08-06,6920.0,7140.0,6870.0,7080.0,5117
2018-08-07,6990.0,7155.0,6825.0,6845.0,5037
2018-08-08,6330.0,6785.0,6105.0,6765.0,8099
2018-08-09,6460.0,6545.0,6170.0,6300.0,6827
2018-08-10,6390.0,6605.0,6105.0,6555.0,6444
2018-08-13,6230.0,6555.0,6135.0,6405.0,7804
2018-08-14,6075.0,6280.0,5850.0,6240.0,6904
2018-08-15,6375.0,6600.0,6075.0,6105.0,6993
2018-08-16,6405.0,6475.0,6185.0,6400.0,4378
2018-08-17,6480.0,6545.0,6245.0,6265.0,4288
2018-08-20,6430.0,6515.0,6360.0,6490.0,2381
2018-08-21,6425.0,6470.0,6205.0,6395.0,3319
2018-08-22,6405.0,6870.0,6250.0,6440.0,5379
2018-08-23,6405.0,6465.0,6225.0,6350.0,3554
2018-08-24,6615.0,6640.0,6450.0,6460.0,2656
2018-08-27,6730.0,6760.0,6650.0,6655.0,2398
2018-08-28,7090.0,7125.0,6715.0,6720.0,5220
2018-08-29,7000.0,7120.0,6890.0,7100.0,3899
2018-08-30,6815.0,7055.0,6795.0,7045.0,4779
2018-08-31,6925.56005859375,7025.0,6895.0,6940.0,0
2018-09-04,7350.0,7410.0,7220.0,7305.0,5305
2018-09-05,6900.0,7395.0,6840.0,7355.0,4585
2018-09-06,6430.0,6925.0,6215.0,6925.0,5796
2018-09-07,6390.0,6505.0,6280.0,6410.0,2475
2018-09-10,6265.0,6350.0,6175.0,6340.0,1936
2018-09-11,6230.0,6385.0,6120.0,6260.0,1857
2018-09-12,6290.0,6335.0,6175.0,6270.0,1581
2018-09-13,6435.0,6525.0,6295.0,6295.0,2350
2018-09-14,6525.0,6575.0,6330.0,6450.0,2085
2018-09-17,6230.0,6525.0,6165.0,6470.0,2337
2018-09-18,6275.0,6370.0,6180.0,6210.0,1108
2018-09-19,6375.0,6535.0,6035.0,6305.0,3037
2018-09-20,6400.0,6435.0,6310.0,6365.0,1373
2018-09-21,6740.0,6775.0,6455.0,6470.0,3627
2018-09-24,6610.0,6720.0,6555.0,6665.0,2081
2018-09-25,6355.0,6605.0,6315.0,6605.0,3388
2018-09-26,6485.0,6535.0,6365.0,6385.0,3381
2018-09-27,6655.0,6745.0,6415.0,6460.0,3087
2018-09-28,6647.7998046875,6800.0,6570.0,6720.0,4965
2018-10-01,6540.0,6625.0,6455.0,6560.0,1477
2018-10-02,6510.0,6585.0,6435.0,6550.0,1131
2018-10-03,6425.0,6520.0,6345.0,6510.0,1356
2018-10-04,6555.0,6610.0,6405.0,6415.0,1697
2018-10-05,6530.0,6580.0,6500.0,6530.0,928
2018-10-08,6630.0,6675.0,6515.0,6530.0,1783
2018-10-09,6580.0,6620.0,6535.0,6620.0,1004
2018-10-10,6540.0,6590.0,6450.0,6580.0,1700
2018-10-11,6180.0,6535.0,6030.0,6515.0,4268
2018-10-12,6185.0,6225.0,6095.0,6180.0,1908
2018-10-15,6390.0,6770.0,6110.0,6165.0,6704
2018-10-16,6420.0,6495.0,6380.0,6390.0,1604
2018-10-17,6420.0,6480.0,6400.0,6445.0,1189
2018-10-18,6390.0,6480.0,6330.0,6430.0,2759
2018-10-19,6380.0,6405.0,6340.0,6375.0,1108
2018-10-22,6395.0,6445.0,6360.0,6415.0,1752
2018-10-23,6395.0,6425.0,6350.0,6400.0,1492
2018-10-24,6425.0,6490.0,6380.0,6395.0,2799
2018-10-25,6405.0,6420.0,6315.0,6420.0,2486
2018-10-26,6391.68994140625,6455.0,6375.0,6395.0,2434
2018-10-29,6240.0,6440.0,6185.0,6390.0,3904
2018-10-30,6245.0,6290.0,6230.0,6245.0,1992
2018-10-31,6295.0,6340.0,6170.0,6255.0,3161
2018-11-01,6315.0,6335.0,6290.0,6295.0,1174
2018-11-02,6345.0,6375.0,6320.0,6335.0,1647
2018-11-05,6390.0,6450.0,6365.0,6400.0,2336
2018-11-06,6415.0,6475.0,6385.0,6395.0,3048
2018-11-07,6510.0,6545.0,6430.0,6430.0,4263
2018-11-08,6410.0,6525.0,6370.0,6510.0,4418
2018-11-09,6335.0,6415.0,6240.0,6400.0,2878
2018-11-12,6325.0,6395.0,6290.0,6290.0,1997
2018-11-13,6285.0,6325.0,6225.0,6315.0,2534
2018-11-14,5365.0,6290.0,5230.0,6290.0,8940
2018-11-15,5425.0,5590.0,5155.0,5510.0,8633
2018-11-16,5450.0,5550.0,5385.0,5435.0,3416
2018-11-19,4835.0,5515.0,4560.0,5500.0,11321
2018-11-20,4240.0,4870.0,4015.0,4740.0,12827
2018-11-21,4390.0,4620.0,4165.0,4230.0,6540
2018-11-23,4190.0,4375.0,4085.0,4370.0,5146
2018-11-26,3605.0,4055.0,3515.0,3965.0,8901
2018-11-27,3720.0,3790.0,3550.0,3635.0,6129
2018-11-28,4300.0,4365.0,3750.0,3790.0,6789
2018-11-29,4180.0,4400.0,4075.0,4195.0,5112
2018-11-30,3953.0,4280.0,3870.0,4215.0,5068
2018-12-03,3800.0,4130.0,3690.0,4090.0,3383
2018-12-04,3840.0,4015.0,3690.0,3905.0,3059
2018-12-06,3600.0,3960.0,3360.0,3670.0,5768
2018-12-07,3300.0,3595.0,3135.0,3575.0,6081
2018-12-10,3375.0,3580.0,3330.0,3495.0,1918
2018-12-11,3320.0,3405.0,3265.0,3380.0,1989
2018-12-12,3420.0,3470.0,3305.0,3345.0,2665
2018-12-13,3215.0,3420.0,3190.0,3395.0,3796
2018-12-14,3145.0,3265.0,3120.0,3235.0,3046
2018-12-17,3530.0,3570.0,3165.0,3180.0,4114
2018-12-18,3495.0,3560.0,3425.0,3475.0,3415
2018-12-19,3695.0,3890.0,3550.0,3550.0,4997
2018-12-20,3875.0,4150.0,3635.0,3675.0,4834
2018-12-21,3775.0,4135.0,3605.0,4040.0,5616
2018-12-24,4070.0,4265.0,3925.0,3950.0,2415
2018-12-26,3760.0,3850.0,3610.0,3775.0,2751
2018-12-27,3565.0,3840.0,3535.0,3800.0,3404
2018-12-28,3708.56005859375,3800.0,3560.0,3560.0,4180
2018-12-31,3650.0,3810.0,3600.0,3800.0,1961
2019-01-02,3830.0,3855.0,3685.0,3720.0,3227
2019-01-03,3760.0,3870.0,3710.0,3850.0,3620
2019-01-04,3745.0,3875.0,3690.0,3755.0,3919
2019-01-07,3985.0,4070.0,3945.0,3990.0,2757
2019-01-08,3985.0,4095.0,3925.0,3980.0,4171
2019-01-09,3990.0,4030.0,3950.0,3990.0,3683
2019-01-10,3605.0,4020.0,3525.0,3995.0,5744
2019-01-11,3635.0,3685.0,3560.0,3600.0,4216
2019-01-14,3650.0,3700.0,3400.0,3490.0,4387
2019-01-15,3535.0,3665.0,3490.0,3650.0,3786
2019-01-16,3560.0,3645.0,3545.0,3550.0,4110
2019-01-17,3605.0,3645.0,3515.0,3570.0,3564
2019-01-18,3585.0,3630.0,3540.0,3615.0,2669
2019-01-22,3580.0,3620.0,3390.0,3525.0,6725
2019-01-23,3535.0,3615.0,3510.0,3575.0,5040
2019-01-24,3565.0,3590.0,3520.0,3545.0,2786
2019-01-25,3560.0,3580.0,3510.0,3560.0,3678
2019-01-28,3380.0,3515.0,3325.0,3485.0,4345
2019-01-29,3370.0,3395.0,3300.0,3385.0,2453
2019-01-30,3410.0,3435.0,3345.0,3360.0,3311
2019-01-31,3395.0,3455.0,3365.0,3420.0,4066
2019-02-01,3425.0,3440.0,3345.0,3385.0,4692
2019-02-04,3395.0,3415.0,3375.0,3380.0,2947
2019-02-05,3400.0,3415.0,3380.0,3390.0,1566
2019-02-06,3340.0,3420.0,3310.0,3405.0,3783
2019-02-07,3340.0,3370.0,3335.0,3345.0,1731
2019-02-08,3615.0,3730.0,3325.0,3350.0,9872
2019-02-11,3605.0,3650.0,3580.0,3610.0,5075
2019-02-12,3605.0,3625.0,3550.0,3595.0,3944
2019-02-13,3570.0,3630.0,3555.0,3575.0,2811
2019-02-14,3565.0,3595.0,3530.0,3575.0,2122
2019-02-15,3565.0,3620.0,3545.0,3565.0,2597
2019-02-19,3935.0,3970.0,3595.0,3600.0,15944
2019-02-20,3935.0,3965.0,3870.0,3910.0,5226
2019-02-21,3895.0,3985.0,3855.0,3920.0,5427
2019-02-22,3930.77001953125,3955.0,3885.0,3885.0,4000
2019-02-25,3820.0,3845.0,3705.0,3770.0,5866
2019-02-26,3775.0,3820.0,3745.0,3805.0,3067
2019-02-27,3710.0,3815.0,3620.0,3780.0,4843
2019-02-28,3790.0,3875.0,3745.0,3765.0,6752
2019-03-01,3820.0,3830.0,3780.0,3785.0,1825
2019-03-04,3690.0,3795.0,3660.0,3780.0,4577
2019-03-05,3835.0,3865.0,3655.0,3675.0,4969
2019-03-06,3840.0,3900.0,3810.0,3835.0,4104
2019-03-07,3870.0,3890.0,3830.0,3855.0,4092
2019-03-08,3890.0,3920.0,3845.0,3905.0,3781
2019-03-11,3835.0,3915.0,3810.0,3885.0,3539
2019-03-12,3845.0,3880.0,3790.0,3845.0,2961
2019-03-13,3845.0,3870.0,3820.0,3855.0,2105
2019-03-14,3845.0,3905.0,3775.0,3840.0,4463
2019-03-15,3900.0,3910.0,3845.0,3850.0,2938
2019-03-18,3960.0,4025.0,3935.0,3965.0,2756
2019-03-19,3995.0,4015.0,3950.0,3970.0,2332
2019-03-20,4010.0,4020.0,3965.0,3990.0,2560
2019-03-21,3965.0,4060.0,3900.0,4015.0,3769
2019-03-22,3980.0,3995.0,3955.0,3970.0,1704
2019-03-25,3895.0,3970.0,3845.0,3965.0,2410
2019-03-26,3905.0,3915.0,3880.0,3885.0,1996
2019-03-27,4005.0,4035.0,3905.0,3905.0,4108
2019-03-28,4010.0,4035.0,3995.0,4010.0,1888
2019-03-29,4079.360107421875,4100.0,4000.0,4005.0,4797
2019-04-01,4125.0,4145.0,4040.0,4090.0,1897
2019-04-02,4775.0,5095.0,4130.0,4135.0,10442
2019-04-03,5150.0,5325.0,4810.0,4810.0,16115
2019-04-04,4840.0,5275.0,4780.0,5210.0,21775
2019-04-05,5020.0,5070.0,4890.0,4935.0,9560
2019-04-08,5210.0,5370.0,5130.0,5165.0,16170
2019-04-09,5220.0,5320.0,5150.0,5290.0,8967
2019-04-10,5415.0,5480.0,5160.0,5220.0,7838
2019-04-11,5075.0,5355.0,4965.0,5300.0,11268
2019-04-12,5065.0,5125.0,4900.0,5030.0,7931
2019-04-15,5010.0,5200.0,4945.0,5110.0,10075
2019-04-16,5200.0,5235.0,5025.0,5030.0,6800
2019-04-17,5235.0,5285.0,5185.0,5215.0,6698
2019-04-18,5295.0,5325.0,5205.0,5230.0,6451
2019-04-22,5395.0,5450.0,5255.0,5275.0,9800
2019-04-23,5590.0,5665.0,5375.0,5400.0,10603
2019-04-24,5435.0,5625.0,5370.0,5580.0,11087
2019-04-25,5490.0,5510.0,5380.0,5440.0,3535
2019-04-26,5162.33984375,5400.0,4945.0,5400.0,8655
2019-04-29,5140.0,5185.0,5070.0,5095.0,3421
2019-04-30,5230.0,5285.0,5090.0,5140.0,4094
2019-05-01,5300.0,5350.0,5250.0,5250.0,3557
2019-05-02,5390.0,5415.0,5280.0,5285.0,4551
2019-05-03,5670.0,5800.0,5355.0,5390.0,13229
2019-05-06,5745.0,5795.0,5565.0,5735.0,7075
2019-05-07,5845.0,5985.0,5685.0,5700.0,10086
2019-05-08,5900.0,5915.0,5640.0,5885.0,7023
2019-05-09,6065.0,6120.0,5850.0,5905.0,6973
2019-05-10,6365.0,6430.0,6110.0,6125.0,9795
2019-05-13,7950.0,8030.0,6870.0,7150.0,31433
2019-05-14,7780.0,8385.0,7630.0,8145.0,26372
2019-05-15,8225.0,8300.0,7815.0,7815.0,13408
2019-05-16,7875.0,8445.0,7725.0,8185.0,19966
2019-05-17,7180.0,7990.0,6320.0,7940.0,15465
2019-05-20,7850.0,8380.0,7620.0,8075.0,15195
2019-05-21,8050.0,8140.0,7840.0,8065.0,7778
2019-05-22,7950.0,8075.0,7710.0,8030.0,10834
2019-05-23,7810.0,7895.0,7485.0,7685.0,10992
2019-05-24,8085.0,8230.0,7815.0,7845.0,12003
2019-05-28,8705.0,9035.0,8550.0,8660.0,18551
2019-05-29,8690.0,8775.0,8420.0,8730.0,11721
2019-05-30,8620.0,9125.0,8345.0,8660.0,11446
2019-05-31,8414.1796875,8440.0,8100.0,8290.0,8559
2019-06-03,8640.0,8865.0,8385.0,8730.0,4641
2019-06-04,7625.0,8565.0,7515.0,8560.0,11780
2019-06-05,7835.0,7970.0,7435.0,7525.0,2851
2019-06-06,7610.0,7915.0,7460.0,7745.0,4391
2019-06-07,8010.0,8175.0,7740.0,7765.0,2925
2019-06-10,8010.0,8115.0,7515.0,7675.0,3256
2019-06-11,7920.0,8085.0,7720.0,7980.0,2537
2019-06-12,8195.0,8340.0,7830.0,7930.0,3930
2019-06-13,8285.0,8330.0,8070.0,8180.0,2079
2019-06-14,8440.0,8515.0,8215.0,8365.0,2084
2019-06-17,9380.0,9495.0,9055.0,9065.0,6926
2019-06-18,9115.0,9575.0,8985.0,9365.0,6733
2019-06-19,9210.0,9255.0,8985.0,9020.0,2222
2019-06-20,9625.0,9705.0,9260.0,9320.0,5347
2019-06-21,9980.0,10060.0,9560.0,9615.0,6905
2019-06-24,10945.0,11160.0,10615.0,10925.0,9902
2019-06-25,11380.0,11525.0,11010.0,11035.0,10348
2019-06-26,13885.0,13915.0,11520.0,11520.0,21334
2019-06-27,10855.0,13340.0,10285.0,12500.0,23272
2019-06-28,11763.7900390625,12020.0,10815.0,10865.0,9323
2019-07-01,10375.0,11505.0,10150.0,11505.0,9774
2019-07-02,10990.0,11120.0,9805.0,10685.0,6869
2019-07-03,11370.0,11765.0,10855.0,10890.0,6772
2019-07-05,11285.0,12230.0,10910.0,11485.0,8761
2019-07-08,12445.0,12525.0,11500.0,11630.0,3934
2019-07-09,12760.0,13115.0,12330.0,12530.0,6427
2019-07-10,12270.0,13480.0,11760.0,12825.0,10622
2019-07-11,11730.0,12385.0,11045.0,12130.0,9616
2019-07-12,11730.0,12005.0,11195.0,11405.0,3357
2019-07-15,10910.0,11040.0,9915.0,10945.0,7597
2019-07-16,9730.0,11155.0,9460.0,10840.0,8513
2019-07-17,9795.0,10025.0,9095.0,9695.0,8039
2019-07-18,10550.0,10825.0,9345.0,9825.0,8514
2019-07-19,10460.0,10845.0,10130.0,10635.0,4699
2019-07-22,10145.0,10720.0,10070.0,10630.0,5223
2019-07-23,10150.0,10370.0,9860.0,10290.0,3685
2019-07-24,9640.0,10155.0,9485.0,10155.0,5616
2019-07-25,9865.0,10215.0,9735.0,9780.0,3895
2019-07-26,9763.48046875,9955.0,9645.0,9875.0,2604
2019-07-29,9530.0,9850.0,9195.0,9575.0,3073
2019-07-30,9735.0,9930.0,9470.0,9565.0,2380
2019-07-31,10115.0,10295.0,9685.0,9725.0,2198
2019-08-01,10450.0,10665.0,10015.0,10160.0,1880
2019-08-02,10600.0,10870.0,10490.0,10595.0,2699
2019-08-05,11910.0,12130.0,11070.0,11070.0,4071
2019-08-06,11830.0,12505.0,11700.0,11925.0,3814
2019-08-07,11885.0,12330.0,11325.0,11600.0,5017
2019-08-08,11690.0,12205.0,11600.0,12075.0,2431
2019-08-09,11945.0,12235.0,11795.0,11855.0,3517
2019-08-12,11560.0,11695.0,11340.0,11675.0,1834
2019-08-13,10945.0,11570.0,10800.0,11505.0,4145
2019-08-14,10160.0,10955.0,10070.0,10930.0,6021
2019-08-15,10130.0,10440.0,9500.0,10240.0,7407
2019-08-16,10515.0,10590.0,9765.0,10400.0,5247
2019-08-19,10745.0,10890.0,10305.0,10445.0,2653
2019-08-20,10775.0,11015.0,10590.0,10765.0,2558
2019-08-21,10115.0,10890.0,9850.0,10815.0,5034
2019-08-22,10185.0,10255.0,9765.0,10040.0,3956
2019-08-23,10460.0,10535.0,10050.0,10205.0,3319
2019-08-26,10330.0,10730.0,9970.0,10030.0,4193
2019-08-27,10165.0,10410.0,10030.0,10305.0,3663
2019-08-28,9645.0,10320.0,9470.0,10150.0,5694
2019-08-29,9505.0,9730.0,9305.0,9695.0,4154
2019-08-30,9583.9599609375,9630.0,9385.0,9500.0,2856
2019-09-03,10800.0,10925.0,9795.0,9795.0,7222
2019-09-04,10835.0,10965.0,10470.0,10840.0,3701
2019-09-05,10625.0,10810.0,10530.0,10790.0,3606
2019-09-06,10460.0,11130.0,10230.0,10635.0,6764
2019-09-09,10370.0,10620.0,10115.0,10490.0,3966
2019-09-10,10060.0,10455.0,9945.0,10360.0,3400
2019-09-11,10125.0,10345.0,9900.0,10145.0,3528
2019-09-12,10410.0,10470.0,10085.0,10160.0,3099
2019-09-13,10265.0,10560.0,10205.0,10480.0,2876
2019-09-16,10135.0,10430.0,10105.0,10335.0,2313
2019-09-17,10305.0,10405.0,10185.0,10305.0,1583
2019-09-18,10205.0,10310.0,10120.0,10250.0,1581
2019-09-19,10155.0,10450.0,9605.0,10315.0,4344
2019-09-20,10180.0,10355.0,10095.0,10155.0,2400
2019-09-23,9805.0,10125.0,9690.0,10125.0,4645
2019-09-24,8380.0,9780.0,7995.0,9770.0,10527
2019-09-25,8350.0,8785.0,8205.0,8670.0,5824
2019-09-26,8145.0,8670.0,7710.0,8515.0,5369
2019-09-27,8004.4599609375,8140.0,7940.0,8085.0,3497
2019-09-30,8335.0,8415.0,7710.0,8090.0,4976
2019-10-01,8325.0,8560.0,8235.0,8360.0,3539
2019-10-02,8270.0,8400.0,8185.0,8330.0,1861
2019-10-03,8160.0,8435.0,8075.0,8285.0,2581
2019-10-04,8225.0,8310.0,8020.0,8165.0,1994
2019-10-07,8255.0,8350.0,7745.0,7900.0,5782
2019-10-08,8170.0,8365.0,8095.0,8260.0,2275
2019-10-09,8645.0,8780.0,8125.0,8185.0,4716
2019-10-10,8595.0,8670.0,8445.0,8605.0,2716
2019-10-11,8355.0,8850.0,8285.0,8595.0,4134
2019-10-14,8355.0,8435.0,8220.0,8255.0,1774
2019-10-15,8170.0,8435.0,8085.0,8340.0,2752
2019-10-16,7950.0,8195.0,7900.0,8150.0,3685
2019-10-17,8060.0,8150.0,7935.0,7975.0,2582
2019-10-18,7960.0,8130.0,7805.0,8065.0,3414
2019-10-21,8205.0,8380.0,8160.0,8255.0,3642
2019-10-22,8165.0,8330.0,8065.0,8230.0,2446
2019-10-23,7475.0,8110.0,7245.0,8080.0,5767
2019-10-24,7490.0,7515.0,7355.0,7420.0,3210
2019-10-25,7678.490234375,7720.0,7400.0,7450.0,8600
2019-10-28,9530.0,10050.0,9330.0,9700.0,6474
2019-10-29,9315.0,9655.0,9155.0,9585.0,3035
2019-10-30,9270.0,9565.0,9060.0,9540.0,3553
2019-10-31,9305.0,9510.0,9000.0,9225.0,2086
2019-11-01,9235.0,9360.0,9120.0,9230.0,2641
2019-11-04,9565.0,9790.0,9170.0,9270.0,3453
2019-11-05,9420.0,9580.0,8360.0,9480.0,2875
2019-11-06,9360.0,9515.0,9325.0,9405.0,1366
2019-11-07,9220.0,9460.0,9125.0,9425.0,3323
2019-11-08,8845.0,9305.0,8680.0,9260.0,5487
2019-11-11,8750.0,9135.0,8585.0,9100.0,3623
2019-11-12,8835.0,8915.0,8555.0,8735.0,3545
2019-11-13,8785.0,8880.0,8730.0,8815.0,2121
2019-11-14,8675.0,8830.0,8590.0,8805.0,2337
2019-11-15,8505.0,8820.0,8355.0,8680.0,4095
2019-11-18,8205.0,8565.0,8005.0,8550.0,4004
2019-11-19,8110.0,8215.0,8005.0,8200.0,3007
2019-11-20,8110.0,8275.0,8045.0,8145.0,3885
2019-11-21,7580.0,8140.0,7360.0,8110.0,5630
2019-11-22,7330.0,7735.0,6775.0,7620.0,9941
2019-11-25,7165.0,7375.0,6510.0,7050.0,10022
2019-11-26,7115.0,7345.0,7015.0,7205.0,5897
2019-11-27,7570.0,7700.0,6835.0,7150.0,8583
2019-11-29,7775.68994140625,7800.0,7365.0,7530.0,4898
2019-12-02,7335.0,7555.0,7195.0,7465.0,4334
2019-12-03,7340.0,7445.0,7260.0,7370.0,1711
2019-12-04,7220.0,7965.0,7085.0,7335.0,8673
2019-12-05,7420.0,7525.0,7180.0,7255.0,4442
2019-12-06,7460.0,7655.0,7335.0,7435.0,3514
2019-12-09,7320.0,7705.0,7290.0,7570.0,3527
2019-12-10,7215.0,7410.0,7165.0,7345.0,3362
2019-12-11,7175.0,7290.0,7130.0,7250.0,2979
2019-12-12,7265.0,7370.0,7070.0,7210.0,4522
2019-12-13,7265.0,7335.0,7200.0,7215.0,3653
2019-12-16,6860.0,7145.0,6790.0,7120.0,7720
2019-12-17,6580.0,6940.0,6560.0,6880.0,5979
2019-12-18,7135.0,7235.0,6420.0,6575.0,11821
2019-12-19,7165.0,7440.0,7055.0,7280.0,4596
2019-12-20,7230.0,7235.0,7085.0,7160.0,2478
2019-12-23,7410.0,7715.0,7290.0,7420.0,7852
2019-12-24,7235.0,7430.0,7215.0,7330.0,3521
2019-12-26,7250.0,7445.0,7170.0,7220.0,4302
2019-12-27,7203.81982421875,7245.0,7055.0,7195.0,4441
2019-12-30,7285.0,7480.0,7245.0,7445.0,3115
2019-12-31,7210.0,7350.0,7160.0,7295.0,2953
2020-01-02,6940.0,7225.0,6900.0,7225.0,4754
2020-01-03,7385.0,7500.0,6860.0,6960.0,8657
2020-01-06,7615.0,7685.0,7385.0,7435.0,6104
2020-01-07,8280.0,8300.0,7725.0,7725.0,11526
2020-01-08,8110.0,8595.0,7915.0,8165.0,16332
2020-01-09,7885.0,8170.0,7800.0,8120.0,10399
2020-01-10,8135.0,8220.0,7700.0,7855.0,13111
2020-01-13,8200.0,8300.0,8100.0,8235.0,3206
2020-01-14,8750.0,8955.0,8150.0,8165.0,13502
2020-01-15,8880.0,8995.0,8635.0,8810.0,7019
2020-01-16,8790.0,8955.0,8615.0,8925.0,5818
2020-01-17,8925.0,9085.0,8720.0,8765.0,6895
2020-01-21,8750.0,8825.0,8515.0,8720.0,7456
2020-01-22,8680.0,8865.0,8600.0,8775.0,4717
2020-01-23,8370.0,8705.0,8290.0,8665.0,13847
2020-01-24,8495.0,8540.0,8235.0,8410.0,9837
2020-01-27,8995.0,9020.0,8575.0,8595.0,13131
2020-01-28,9060.0,9215.0,8895.0,8935.0,15878
2020-01-29,9390.0,9480.0,9040.0,9040.0,12121
2020-01-30,9555.0,9570.0,9160.0,9335.0,15041
2020-01-31,9277.6298828125,9555.0,9180.0,9555.0,9428
2020-02-03,9410.0,9790.0,9270.0,9495.0,8918
2020-02-04,9255.0,9440.0,9130.0,9355.0,8189
2020-02-05,9830.0,9945.0,9225.0,9245.0,14307
2020-02-06,9895.0,10010.0,9685.0,9800.0,12014
2020-02-07,9845.0,10030.0,9740.0,9805.0,8523
2020-02-10,9935.0,10360.0,9510.0,10200.0,6779
2020-02-11,10405.0,10570.0,9790.0,9930.0,15832
2020-02-12,10525.0,10620.0,10315.0,10325.0,13010
2020-02-13,10305.0,10670.0,10160.0,10505.0,16242
2020-02-14,10495.0,10635.0,10210.0,10305.0,8771
2020-02-18,10250.0,10365.0,9505.0,9980.0,20878
2020-02-19,10225.0,10545.0,9245.0,10280.0,9019
2020-02-20,9615.0,9735.0,9405.0,9735.0,3918
2020-02-21,9740.0,9830.0,9600.0,9650.0,2125
2020-02-24,9600.0,10075.0,9480.0,9935.0,7379
2020-02-25,9320.0,9695.0,9240.0,9640.0,4061
2020-02-26,8780.0,9395.0,8595.0,9385.0,7637
2020-02-27,8890.0,8980.0,8520.0,8780.0,3897
2020-02-28,8662.990234375,8905.0,8430.0,8825.0,3889
2020-03-02,8975.0,9030.0,8540.0,8645.0,2157
2020-03-03,8770.0,8995.0,8740.0,8990.0,2956
2020-03-04,8760.0,8910.0,8700.0,8830.0,1842
2020-03-05,9195.0,9250.0,8795.0,8805.0,3734
2020-03-06,9165.0,9250.0,9060.0,9140.0,1827
2020-03-09,7850.0,8280.0,7640.0,8265.0,9510
2020-03-10,7995.0,8175.0,7755.0,7835.0,5067
2020-03-11,7855.0,8025.0,7610.0,7990.0,3910
2020-03-12,6010.0,8000.0,5595.0,7840.0,16034
2020-03-13,5330.0,5935.0,4210.0,5775.0,15531
2020-03-16,4930.0,5850.0,4390.0,5850.0,14879
2020-03-17,5380.0,5525.0,4835.0,4975.0,6875
2020-03-18,5340.0,5475.0,4990.0,5440.0,8746
2020-03-19,6240.0,6410.0,5275.0,5380.0,8961
2020-03-20,6210.0,6950.0,5665.0,6275.0,6787
2020-03-23,6300.0,6650.0,5685.0,6060.0,8329
2020-03-24,6725.0,6885.0,6395.0,6450.0,7837
2020-03-25,6630.0,6995.0,6465.0,6740.0,5175
2020-03-26,6675.0,6805.0,6520.0,6600.0,3497
2020-03-27,6648.35986328125,6855.0,6570.0,6755.0,2372
2020-03-30,6380.0,6535.0,5835.0,6045.0,4341
2020-03-31,6475.0,6660.0,6340.0,6505.0,2305
2020-04-01,6210.0,6465.0,6155.0,6455.0,2656
2020-04-02,6865.0,7345.0,6380.0,6400.0,9591
2020-04-03,6800.0,7100.0,6625.0,6890.0,3943
2020-04-06,7330.0,7375.0,6785.0,6820.0,10939
2020-04-07,7330.0,7515.0,7105.0,7350.0,7749
2020-04-08,7335.0,7475.0,7160.0,7195.0,3066
2020-04-09,7290.0,7415.0,7090.0,7335.0,2793
2020-04-13,6810.0,7160.0,6555.0,7160.0,5395
2020-04-14,6950.0,7010.0,6785.0,6855.0,2232
2020-04-15,6740.0,6950.0,6685.0,6895.0,2144
2020-04-16,7105.0,7205.0,6465.0,6735.0,6364
2020-04-17,7080.0,7235.0,7010.0,7105.0,1863
2020-04-20,6795.0,7255.0,6765.0,7200.0,4302
2020-04-21,6890.0,6960.0,6780.0,6875.0,2879
2020-04-22,7115.0,7195.0,6830.0,6920.0,3504
2020-04-23,7540.0,7805.0,7045.0,7115.0,8039
2020-04-24,7460.85986328125,7620.0,7400.0,7610.0,2367
2020-04-27,7780.0,7905.0,7645.0,7665.0,2872
2020-04-28,7780.0,7875.0,7735.0,7845.0,1762
2020-04-29,8825.0,9065.0,7780.0,7800.0,9729
2020-04-30,8930.0,9560.0,8480.0,8940.0,10524
2020-05-01,8840.0,9145.0,8655.0,8850.0,5127
2020-05-04,8935.0,9060.0,8600.0,8965.0,3992
2020-05-05,8985.0,9225.0,8835.0,9055.0,4675
2020-05-06,9340.0,9515.0,8980.0,9035.0,6330
2020-05-07,10010.0,10115.0,9105.0,9370.0,12108
2020-05-08,10030.0,10220.0,9820.0,10010.0,6747
2020-05-11,8795.0,9275.0,8220.0,8820.0,19225
2020-05-12,8870.0,9050.0,8560.0,8680.0,6912
2020-05-13,9270.0,9430.0,8830.0,8845.0,5001
2020-05-14,9725.0,10070.0,9355.0,9400.0,8874
2020-05-15,9395.0,9930.0,9170.0,9855.0,7857
2020-05-18,9745.0,10035.0,9515.0,9795.0,7691
2020-05-19,9680.0,9955.0,9505.0,9745.0,6700
2020-05-20,9570.0,9895.0,9330.0,9755.0,6276
2020-05-21,9075.0,9610.0,8815.0,9585.0,8797
2020-05-22,9175.0,9285.0,8945.0,9185.0,4564
2020-05-26,8785.0,9065.0,8630.0,9050.0,8287
2020-05-27,9170.0,9265.0,8810.0,8850.0,5653
2020-05-28,9450.0,9555.0,9055.0,9095.0,6137
2020-05-29,9443.4296875,9610.0,9350.0,9460.0,3864
2020-06-01,9650.0,9775.0,9465.0,9530.0,3656
2020-06-02,9580.0,10565.0,9335.0,9745.0,14048
2020-06-03,9655.0,9730.0,9465.0,9580.0,3179
2020-06-04,9895.0,9985.0,9535.0,9665.0,4328
2020-06-05,9800.0,9950.0,9675.0,9865.0,4508
2020-06-08,9780.0,9900.0,9720.0,9810.0,3757
2020-06-09,9805.0,9985.0,9620.0,9630.0,4291
2020-06-10,9935.0,10130.0,9720.0,9905.0,7010
2020-06-11,9300.0,10060.0,9090.0,9945.0,10869
2020-06-12,9465.0,9610.0,9265.0,9380.0,3848
2020-06-15,9440.0,9525.0,8930.0,9370.0,5850
2020-06-16,9530.0,9630.0,9415.0,9475.0,3436
2020-06-17,9325.0,9600.0,9255.0,9540.0,3206
2020-06-18,9410.0,9515.0,9320.0,9425.0,2135
2020-06-19,9315.0,9465.0,9245.0,9385.0,3481
2020-06-22,9585.0,9700.0,9280.0,9350.0,5062
2020-06-23,9660.0,9755.0,9600.0,9725.0,3811
2020-06-24,9285.0,9685.0,9180.0,9665.0,8255
2020-06-25,9280.0,9315.0,8985.0,9245.0,5012
2020-06-26,9084.2001953125,9300.0,9055.0,9285.0,4195
2020-06-29,9200.0,9240.0,9050.0,9175.0,2742
2020-06-30,9185.0,9295.0,9100.0,9255.0,2856
2020-07-01,9325.0,9390.0,9140.0,9200.0,4789
2020-07-02,9060.0,9335.0,8950.0,9280.0,6562
2020-07-06,9355.0,9435.0,9060.0,9100.0,6890
2020-07-07,9290.0,9455.0,9250.0,9350.0,2975
2020-07-08,9510.0,9570.0,9285.0,9310.0,5163
2020-07-09,9255.0,9545.0,9190.0,9505.0,5931
2020-07-10,9275.0,9285.0,9145.0,9275.0,2296
2020-07-13,9270.0,9410.0,9240.0,9290.0,2844
2020-07-14,9310.0,9320.0,9135.0,9275.0,2869
2020-07-15,9190.0,9320.0,9165.0,9295.0,2330
2020-07-16,9145.0,9265.0,9040.0,9240.0,3344
2020-07-17,9195.0,9220.0,9095.0,9130.0,1674
2020-07-20,9190.0,9280.0,9155.0,9200.0,2432
2020-07-21,9395.0,9480.0,9175.0,9205.0,5408
2020-07-22,9425.0,9435.0,9295.0,9415.0,3117
2020-07-23,9650.0,9735.0,9425.0,9425.0,6653
2020-07-24,9615.0,9665.0,9505.0,9665.0,3110
2020-07-27,10895.0,11055.0,9925.0,9925.0,16157
2020-07-28,11035.0,11540.0,10635.0,11080.0,15293
2020-07-29,11240.0,11350.0,10890.0,11060.0,9081
2020-07-30,11145.0,11405.0,10835.0,11350.0,7340
2020-07-31,11207.509765625,11245.0,10985.0,11155.0,9692
2020-08-03,11620.0,11720.0,11180.0,11350.0,5333
2020-08-04,11370.0,11600.0,11125.0,11560.0,6915
2020-08-05,11850.0,11975.0,11190.0,11385.0,11366
2020-08-06,12040.0,12085.0,11705.0,11930.0,4902
2020-08-07,11575.0,12085.0,11395.0,11990.0,10007
2020-08-10,12015.0,12220.0,11645.0,11800.0,9860
2020-08-11,11435.0,12090.0,11190.0,12005.0,10291
2020-08-12,11665.0,11745.0,11220.0,11340.0,6069
2020-08-13,11590.0,11760.0,11340.0,11600.0,5062
2020-08-14,11935.0,12000.0,11740.0,11765.0,9980
2020-08-17,12485.0,12635.0,11905.0,11950.0,8883
2020-08-18,12035.0,12555.0,11850.0,12470.0,10621
2020-08-19,11690.0,12150.0,11580.0,12100.0,10164
2020-08-20,11895.0,11950.0,11710.0,11740.0,4860
2020-08-21,11695.0,12125.0,11600.0,12125.0,9663
2020-08-24,11770.0,11865.0,11595.0,11695.0,7416
2020-08-25,11310.0,11810.0,11115.0,11765.0,12762
2020-08-26,11480.0,11570.0,11260.0,11300.0,6639
2020-08-27,11270.0,11610.0,11125.0,11495.0,9007
2020-08-28,11449.0595703125,11525.0,11280.0,11335.0,7783
2020-08-31,11835.0,11915.0,11705.0,11735.0,4865
2020-09-01,12075.0,12200.0,11625.0,11755.0,8919
2020-09-02,11460.0,12175.0,11165.0,12135.0,17210
2020-09-03,10720.0,11530.0,10460.0,11440.0,15412
2020-09-04,10620.0,10785.0,9905.0,10780.0,15668
2020-09-08,10015.0,10475.0,9890.0,10425.0,14549
2020-09-09,10320.0,10385.0,9850.0,10060.0,5218
2020-09-10,10315.0,10565.0,10215.0,10285.0,7860
2020-09-11,10340.0,10420.0,10215.0,10370.0,4819
2020-09-14,10705.0,10805.0,10270.0,10315.0,6525
2020-09-15,10815.0,10975.0,10645.0,10750.0,4052
2020-09-16,11015.0,11150.0,10690.0,10890.0,7056
2020-09-17,10950.0,11075.0,10755.0,11045.0,7179
2020-09-18,10880.0,11075.0,10815.0,10975.0,4499
2020-09-21,10485.0,11005.0,10265.0,10885.0,12875
2020-09-22,10495.0,10525.0,10350.0,10485.0,4081
2020-09-23,10280.0,10550.0,10140.0,10545.0,7721
2020-09-24,10670.0,10750.0,10190.0,10240.0,8985
2020-09-25,10606.76953125,10805.0,10560.0,10630.0,6120
2020-09-28,10960.0,11080.0,10795.0,10800.0,4100
2020-09-29,10815.0,10990.0,10680.0,10970.0,4764
2020-09-30,10770.0,10940.0,10725.0,10850.0,5671
2020-10-01,10645.0,11060.0,10430.0,10835.0,11708
2020-10-02,10550.0,10705.0,10410.0,10615.0,5867
2020-10-05,10815.0,10865.0,10670.0,10700.0,4462
2020-10-06,10630.0,10890.0,10565.0,10815.0,4093
2020-10-07,10720.0,10760.0,10595.0,10600.0,2260
2020-10-08,10955.0,11065.0,10580.0,10735.0,5066
2020-10-09,11110.0,11205.0,10910.0,10950.0,3469
2020-10-12,11630.0,11700.0,11280.0,11360.0,6338
2020-10-13,11440.0,11805.0,11355.0,11760.0,4170
2020-10-14,11410.0,11630.0,11340.0,11500.0,3466
2020-10-15,11595.0,11695.0,11315.0,11440.0,3418
2020-10-16,11360.0,11610.0,11225.0,11610.0,5373
2020-10-19,11755.0,11910.0,11470.0,11505.0,6876
2020-10-20,11970.0,12110.0,11740.0,11795.0,4060
2020-10-21,12755.0,13005.0,11960.0,11995.0,10223
2020-10-22,13155.0,13285.0,12725.0,12965.0,7369
2020-10-23,12970.0,13260.0,12775.0,13220.0,3793
2020-10-26,13045.0,13300.0,12805.0,13100.0,6031
2020-10-27,13685.0,13780.0,13025.0,13050.0,9034
2020-10-28,13175.0,13870.0,12885.0,13680.0,10745
2020-10-29,13505.0,13665.0,12995.0,13200.0,6884
2020-10-30,13478.6298828125,13660.0,13150.0,13530.0,5823
2020-11-02,13790.0,14065.0,13370.0,13955.0,5042
2020-11-03,13845.0,13950.0,13390.0,13730.0,3731
2020-11-04,14200.0,14420.0,13635.0,13925.0,9531
2020-11-05,15260.0,15505.0,14165.0,14165.0,7463
2020-11-06,15630.0,16155.0,15350.0,15685.0,8143
2020-11-09,15450.0,16005.0,14880.0,15665.0,12353
2020-11-10,15355.0,15595.0,15130.0,15435.0,5971
2020-11-11,15805.0,16090.0,15350.0,15450.0,6198
2020-11-12,16240.0,16300.0,15520.0,16000.0,6412
2020-11-13,16270.0,16585.0,16025.0,16350.0,4062
2020-11-16,16895.0,16935.0,15915.0,16035.0,5400
2020-11-17,17730.0,17930.0,16620.0,16795.0,9408
2020-11-18,17685.0,18540.0,17235.0,17675.0,12925
2020-11-19,18095.0,18260.0,17375.0,17905.0,6743
2020-11-20,18685.0,18880.0,17740.0,17910.0,9867
2020-11-23,18410.0,18850.0,18040.0,18625.0,12524
2020-11-24,19110.0,19515.0,18075.0,18455.0,14152
2020-11-25,18915.0,19605.0,18640.0,19135.0,12217
2020-11-27,16627.529296875,18935.0,16230.0,18865.0,16490
2020-11-30,19730.0,20260.0,18275.0,18275.0,12034
2020-12-01,19275.0,20360.0,18300.0,19800.0,13563
2020-12-02,19295.0,19585.0,18560.0,19155.0,7994
2020-12-03,19565.0,19880.0,19070.0,19340.0,7203
2020-12-04,19100.0,19750.0,18830.0,19680.0,7567
2020-12-07,19170.0,19615.0,19020.0,19205.0,5213
2020-12-08,18825.0,19475.0,18695.0,19215.0,7325
2020-12-09,18420.0,18685.0,17705.0,18685.0,6752
2020-12-10,18440.0,18750.0,17940.0,18630.0,6953
2020-12-11,18020.0,18460.0,17575.0,18415.0,6058
2020-12-14,19270.0,19430.0,19080.0,19155.0,6124
2020-12-15,19560.0,19675.0,19120.0,19340.0,5817
2020-12-16,20930.0,21430.0,19340.0,19505.0,12919
2020-12-17,22870.0,23915.0,21320.0,21460.0,16832
2020-12-18,22860.0,23415.0,22435.0,23050.0,7105
2020-12-21,22880.0,24210.0,21950.0,23605.0,12956
2020-12-22,23445.0,23645.0,22430.0,23260.0,11075
2020-12-23,23510.0,24175.0,22800.0,23495.0,6882
2020-12-24,23196.73046875,23475.0,22715.0,23250.0,979
2020-12-28,27110.0,27900.0,26535.0,26650.0,17470
2020-12-29,27210.0,27450.0,26080.0,26955.0,7633
2020-12-30,29155.0,29370.0,27235.0,27315.0,13789
2020-12-31,29385.0,29700.0,28230.0,29075.0,5529
2021-01-04,31550.0,34170.0,28440.0,33405.0,14997
2021-01-05,34515.0,34680.0,30250.0,31655.0,8153
2021-01-06,36565.0,37035.0,33780.0,34655.0,19469
2021-01-07,39625.0,41000.0,36445.0,36445.0,16834
2021-01-08,39520.0,42730.0,37000.0,40275.0,15379
2021-01-11,33780.0,39165.0,31105.0,38925.0,22205
2021-01-12,34500.0,37050.0,32780.0,34840.0,14576
2021-01-13,36375.0,37580.0,32610.0,34055.0,9785
2021-01-14,39605.0,40365.0,36915.0,37500.0,10507
2021-01-15,35625.0,39980.0,34555.0,39205.0,14051
2021-01-19,36595.0,38155.0,34890.0,36250.0,14757
2021-01-20,35035.0,36845.0,33435.0,36700.0,9615
2021-01-21,31920.0,35740.0,30930.0,35200.0,13373
2021-01-22,33580.0,33860.0,28900.0,30825.0,12897
2021-01-25,33440.0,34930.0,32035.0,32300.0,8771
2021-01-26,31950.0,32845.0,30800.0,32665.0,8494
2021-01-27,31475.0,32925.0,29075.0,32655.0,13653
2021-01-28,32650.0,33355.0,29860.0,30640.0,7271
2021-01-29,37242.30078125,38755.0,32000.0,33515.0,18198
2021-02-01,34000.0,35005.0,32530.0,33315.0,6290
2021-02-02,36170.0,36370.0,33605.0,33680.0,5830
2021-02-03,37390.0,37790.0,35740.0,36015.0,4813
2021-02-04,37915.0,39200.0,36435.0,37660.0,6039
2021-02-05,38015.0,38755.0,36895.0,37700.0,4767
2021-02-08,44755.0,45500.0,38305.0,39025.0,14369
2021-02-09,47765.0,48885.0,45175.0,45210.0,11114
2021-02-10,44915.0,48060.0,43950.0,47500.0,9743
2021-02-11,47525.0,49215.0,44345.0,45615.0,9072
2021-02-12,48040.0,49500.0,46500.0,48000.0,7532
2021-02-16,48925.0,51065.0,45950.0,49415.0,15414
2021-02-17,52785.0,53210.0,49115.0,49300.0,9780
2021-02-18,52340.0,53080.0,51250.0,52680.0,8340
2021-02-19,55530.0,56575.0,50695.0,52035.0,11457
2021-02-22,53720.0,57790.0,48320.0,57450.0,18519
2021-02-23,47660.0,54515.0,44900.0,54515.0,18212
2021-02-24,49135.0,51310.0,47010.0,48450.0,8076
2021-02-25,49120.0,52040.0,48010.0,48810.0,7065
2021-02-26,47001.62890625,48300.0,44270.0,48165.0,10550
2021-03-01,48870.0,49985.0,45150.0,45500.0,7199
2021-03-02,47820.0,50550.0,47245.0,49425.0,5993
2021-03-03,50900.0,53000.0,47955.0,48035.0,6344
2021-03-04,48310.0,52190.0,47425.0,50970.0,11795
2021-03-05,49555.0,49745.0,46295.0,48125.0,8929
2021-03-08,52145.0,52425.0,49500.0,50580.0,7528
2021-03-09,54720.0,55265.0,51895.0,51995.0,5572
2021-03-10,56620.0,57815.0,53430.0,54530.0,7098
2021-03-11,57955.0,58390.0,54685.0,56980.0,7793
2021-03-12,57075.0,58725.0,55380.0,58365.0,7966
2021-03-15,56900.0,61255.0,54915.0,58755.0,10372
2021-03-16,55910.0,57175.0,53475.0,57005.0,7097
2021-03-17,57980.0,58490.0,54285.0,56695.0,7704
2021-03-18,57365.0,60280.0,57090.0,58500.0,9656
2021-03-19,58975.0,59575.0,56315.0,57950.0,6553
2021-03-22,55605.0,58460.0,54105.0,58195.0,7201
2021-03-23,54985.0,55895.0,52915.0,54665.0,8663
2021-03-24,54645.0,57225.0,53135.0,54580.0,8667
2021-03-25,52195.0,53665.0,50360.0,53665.0,11144
2021-03-26,53346.328125,53765.0,51305.0,52425.0,5439
2021-03-29,58210.0,59000.0,55110.0,55360.0,7078
2021-03-30,59705.0,60065.0,57585.0,57940.0,4634
2021-03-31,59285.0,60540.0,57380.0,59360.0,6924
2021-04-01,59615.0,60345.0,58595.0,59580.0,4326
2021-04-05,59840.0,60100.0,57155.0,58550.0,5908
2021-04-06,58735.0,60350.0,57750.0,59415.0,5272
2021-04-07,56310.0,59080.0,55675.0,58300.0,11417
2021-04-08,58155.0,58655.0,55910.0,56310.0,4605
2021-04-09,58760.0,59405.0,58000.0,58010.0,3954
2021-04-12,60545.0,61945.0,59915.0,60000.0,6628
2021-04-13,63685.0,64450.0,60300.0,60500.0,7145
2021-04-14,62400.0,65520.0,61565.0,63885.0,8430
2021-04-15,63840.0,64030.0,62375.0,62795.0,4886
2021-04-16,61980.0,64000.0,60165.0,63765.0,6631
2021-04-19,56045.0,57750.0,54450.0,57120.0,10366
2021-04-20,56715.0,57155.0,53430.0,56335.0,9193
2021-04-21,55610.0,57160.0,54325.0,56900.0,5859
2021-04-22,52860.0,55645.0,51365.0,54825.0,13161
2021-04-23,50845.0,52150.0,47395.0,51505.0,10381
2021-04-26,54070.0,54410.0,47440.0,47440.0,8341
2021-04-27,54790.0,55420.0,52925.0,53370.0,5136
2021-04-28,55410.0,56500.0,53905.0,55265.0,6400
2021-04-29,52900.0,55205.0,52335.0,54725.0,5604
2021-04-30,56127.48828125,56565.0,53125.0,53255.0,6071
2021-05-03,57765.0,59305.0,56380.0,56985.0,5621
2021-05-04,54515.0,57755.0,53220.0,57390.0,8065
2021-05-05,57295.0,58110.0,52830.0,54365.0,6056
2021-05-06,56180.0,58600.0,55255.0,56950.0,5933
2021-05-07,57760.0,58845.0,55340.0,56350.0,4969
2021-05-10,55705.0,59900.0,53595.0,58200.0,7951
2021-05-11,56805.0,57075.0,54375.0,55690.0,5353
2021-05-12,54445.0,58140.0,53355.0,56735.0,8665
2021-05-13,48365.0,54605.0,46395.0,54545.0,14808
2021-05-14,50190.0,51475.0,48370.0,49215.0,5432
2021-05-17,44060.0,46620.0,42050.0,45295.0,11148
2021-05-18,43150.0,45755.0,42280.0,43500.0,8310
2021-05-19,39340.0,43530.0,30205.0,42915.0,26734
2021-05-20,40320.0,42420.0,34950.0,38925.0,13391
2021-05-21,36085.0,42370.0,35135.0,40720.0,12908
2021-05-24,39750.0,39950.0,33720.0,34280.0,10870
2021-05-25,37330.0,39885.0,36555.0,38540.0,8766
2021-05-26,38545.0,40895.0,37875.0,38055.0,9284
2021-05-27,38845.0,40435.0,37270.0,39025.0,6239
2021-05-28,36841.3515625,39180.0,35160.0,38800.0,8101
2021-06-01,35990.0,37985.0,34250.0,35905.0,8098
2021-06-02,38040.0,38340.0,35940.0,36205.0,4028
2021-06-03,38715.0,39560.0,37255.0,37835.0,4312
2021-06-04,36955.0,39330.0,35590.0,38840.0,8164
2021-06-07,35645.0,37015.0,34000.0,36205.0,6680
2021-06-08,32910.0,34295.0,30915.0,34130.0,11212
2021-06-09,36375.0,36945.0,32420.0,33485.0,8450
2021-06-10,36690.0,38460.0,35815.0,36610.0,6676
2021-06-11,37325.0,37700.0,35955.0,36725.0,3333
2021-06-14,39710.0,41070.0,38705.0,38900.0,5935
2021-06-15,39995.0,41335.0,39565.0,40250.0,4180
2021-06-16,38565.0,40480.0,38270.0,40025.0,6334
2021-06-17,37665.0,39535.0,37315.0,38550.0,5646
2021-06-18,35285.0,38175.0,35100.0,37695.0,5719
2021-06-21,32560.0,35790.0,31715.0,35555.0,9302
2021-06-22,32480.0,33310.0,28800.0,31700.0,14889
2021-06-23,32900.0,34835.0,31780.0,32560.0,7184
2021-06-24,34805.0,35245.0,32330.0,33220.0,6210
2021-06-25,33079.3984375,35300.0,32630.0,34700.0,6633
2021-06-28,34525.0,35325.0,32750.0,32775.0,5519
2021-06-29,36430.0,36650.0,34200.0,34680.0,4838
2021-06-30,34725.0,36215.0,34020.0,36215.0,3880
2021-07-01,33030.0,35185.0,32695.0,34765.0,4607
2021-07-02,33285.0,33995.0,32620.0,33460.0,3489
2021-07-06,33975.0,35955.0,33315.0,35800.0,6997
2021-07-07,34700.0,35140.0,33675.0,33800.0,3868
2021-07-08,32960.0,34300.0,32040.0,34200.0,5747
2021-07-09,33455.0,33740.0,32295.0,32680.0,2662
2021-07-12,32760.0,34830.0,32600.0,34430.0,3826
2021-07-13,32215.0,33330.0,32150.0,32830.0,3084
2021-07-14,32740.0,33195.0,31515.0,32535.0,3546
2021-07-15,31410.0,33180.0,30970.0,32930.0,6733
2021-07-16,31925.0,32205.0,30960.0,31700.0,4090
2021-07-19,30690.0,31860.0,30280.0,31760.0,3945
2021-07-20,29715.0,31015.0,29215.0,30680.0,4343
2021-07-21,31620.0,32830.0,29435.0,29625.0,9993
2021-07-22,32415.0,32590.0,31680.0,31920.0,3232
2021-07-23,32270.0,32930.0,31980.0,32180.0,2498
2021-07-26,39480.0,40580.0,34420.0,34475.0,17245
2021-07-27,37890.0,38795.0,36425.0,37090.0,7578
2021-07-28,40370.0,40940.0,38150.0,38340.0,10480
2021-07-29,39675.0,40650.0,39290.0,40165.0,6100
2021-07-30,39020.921875,40240.0,38455.0,39640.0,4892
2021-08-02,39180.0,41500.0,38715.0,41185.0,4781
2021-08-03,37965.0,39830.0,37580.0,39180.0,5443
2021-08-04,39840.0,39945.0,37465.0,38265.0,3669
2021-08-05,40755.0,41480.0,37300.0,39940.0,6706
2021-08-06,42970.0,43430.0,39910.0,41095.0,6634
2021-08-09,46045.0,46520.0,42890.0,44255.0,7172
2021-08-10,45495.0,46800.0,44650.0,45760.0,5332
2021-08-11,46455.0,46835.0,45250.0,45755.0,3447
2021-08-12,44360.0,46315.0,43780.0,46315.0,5190
2021-08-13,46505.0,48005.0,43830.0,44310.0,3796
2021-08-16,46095.0,48100.0,45670.0,46905.0,4125
2021-08-17,45520.0,47205.0,44570.0,46000.0,4393
2021-08-18,44855.0,46105.0,44155.0,44795.0,5149
2021-08-19,46700.0,46895.0,43900.0,44530.0,6208
2021-08-20,48730.0,49185.0,46370.0,46545.0,5402
2021-08-23,49280.0,50585.0,48640.0,48815.0,5956
2021-08-24,48210.0,49885.0,47735.0,49520.0,5776
2021-08-25,48705.0,49135.0,47065.0,48205.0,6128
2021-08-26,46940.0,49345.0,46230.0,48950.0,6139
2021-08-27,47952.01953125,48210.0,46420.0,47205.0,5609
2021-08-30,48765.0,49510.0,47460.0,49070.0,3419
2021-08-31,47390.0,48610.0,46695.0,48610.0,4056
2021-09-01,48320.0,49270.0,46530.0,46940.0,4280
2021-09-02,49375.0,50570.0,48400.0,48600.0,4772
2021-09-03,50710.0,51260.0,48445.0,49900.0,5123
2021-09-07,46780.0,53125.0,43705.0,51755.0,13967
2021-09-08,46520.0,47440.0,44500.0,46590.0,5680
2021-09-09,46645.0,47465.0,45545.0,46250.0,4052
2021-09-10,45675.0,47065.0,44750.0,46545.0,4853
2021-09-13,44815.0,46945.0,43310.0,45240.0,7363
2021-09-14,46515.0,47025.0,44705.0,45215.0,3802
2021-09-15,48190.0,48510.0,46635.0,46700.0,3080
2021-09-16,47495.0,48600.0,47050.0,48270.0,4538
2021-09-17,47490.0,48225.0,46670.0,47600.0,3893
2021-09-20,43780.0,47620.0,42365.0,47415.0,8330
2021-09-21,42030.0,43870.0,40085.0,43410.0,8523
2021-09-22,43385.0,44025.0,40145.0,41330.0,7828
2021-09-23,44785.0,44970.0,43095.0,43255.0,5357
2021-09-24,42359.41015625,45115.0,40855.0,44790.0,11471
2021-09-27,43150.0,44580.0,42770.0,43635.0,5221
2021-09-28,41600.0,43555.0,41145.0,43215.0,4666
2021-09-29,41155.0,42735.0,40785.0,41890.0,3694
2021-09-30,43615.0,44175.0,41040.0,41240.0,4869
2021-10-01,48390.0,48705.0,43330.0,43735.0,9404
2021-10-04,49855.0,50000.0,47180.0,48070.0,5865
2021-10-05,51630.0,52165.0,49100.0,49310.0,8408
2021-10-06,55700.0,55935.0,50855.0,52165.0,9662
2021-10-07,54470.0,56325.0,53855.0,55580.0,5323
2021-10-08,55180.0,56815.0,54155.0,54925.0,5063
2021-10-11,57990.0,58355.0,54820.0,55330.0,5686
2021-10-12,55815.0,58215.0,54370.0,57700.0,6691
2021-10-13,57750.0,57950.0,54700.0,56350.0,6939
2021-10-14,58195.0,59025.0,57190.0,57700.0,6318
2021-10-15,62075.0,63525.0,57250.0,58150.0,11665
2021-10-18,61650.0,63230.0,60100.0,61120.0,10019
2021-10-19,64660.0,64780.0,61730.0,61905.0,15283
2021-10-20,66665.0,67680.0,63830.0,64490.0,15201
2021-10-21,62910.0,66960.0,62140.0,66160.0,15609
2021-10-22,61080.0,63950.0,60210.0,62890.0,10125
2021-10-25,62725.0,63865.0,60820.0,61080.0,7184
2021-10-26,61975.0,63345.0,61810.0,62855.0,7404
2021-10-27,59065.0,61450.0,57855.0,61255.0,12927
2021-10-28,61335.0,62400.0,57855.0,58790.0,9715
2021-10-29,61149.26171875,62030.0,60220.0,61295.0,6361
2021-11-01,61615.0,62850.0,59700.0,61995.0,4979
2021-11-02,64015.0,64665.0,60900.0,61010.0,5238
2021-11-03,63065.0,63965.0,60945.0,63580.0,5495
2021-11-04,61360.0,63475.0,60860.0,63450.0,5009
2021-11-05,61380.0,62865.0,60905.0,61435.0,3534
2021-11-08,66485.0,67035.0,62905.0,62910.0,6018
2021-11-09,67625.0,69000.0,66480.0,66715.0,5457
2021-11-10,66075.0,69355.0,63020.0,67670.0,7709
2021-11-11,65055.0,65895.0,64340.0,65210.0,3912
2021-11-12,64235.0,65720.0,62385.0,65400.0,6895
2021-11-15,63910.0,66555.0,63415.0,64625.0,5438
2021-11-16,59730.0,64025.0,58515.0,63955.0,9161
2021-11-17,60485.0,60890.0,58475.0,60700.0,6300
2021-11-18,58015.0,61035.0,56600.0,59980.0,9180
2021-11-19,57900.0,58410.0,55600.0,56450.0,8253
2021-11-22,55815.0,59645.0,55585.0,59100.0,11800
2021-11-23,57855.0,57940.0,55375.0,56575.0,9700
2021-11-24,57415.0,57765.0,55825.0,57650.0,10085
2021-11-26,54465.6484375,59470.0,53625.0,57000.0,11541
2021-11-29,58470.0,59285.0,56290.0,56290.0,5946
2021-11-30,57780.0,59680.0,56145.0,58530.0,7792
2021-12-01,56990.0,59545.0,56650.0,57660.0,6552
2021-12-02,57175.0,57705.0,55990.0,57305.0,5835
2021-12-03,53545.0,57945.0,51585.0,57030.0,11175
2021-12-06,48960.0,50730.0,47215.0,49265.0,9344
2021-12-07,50600.0,52195.0,50360.0,50745.0,4985
2021-12-08,50925.0,51370.0,48645.0,50600.0,4851
2021-12-09,47675.0,50940.0,47345.0,50400.0,5159
2021-12-10,48490.0,50265.0,47325.0,47940.0,6036
2021-12-13,46595.0,50480.0,45700.0,50205.0,6827
2021-12-14,47870.0,48700.0,46295.0,46950.0,5871
2021-12-15,49350.0,49605.0,46570.0,48350.0,8301
2021-12-16,48010.0,49500.0,47595.0,48940.0,5529
2021-12-17,46250.0,48010.0,45415.0,47870.0,4533
2021-12-20,47060.0,47555.0,45515.0,47280.0,4303
2021-12-21,48685.0,49390.0,46710.0,46835.0,3998
2021-12-22,49045.0,49635.0,48500.0,49280.0,2811
2021-12-23,51060.0,51470.0,48035.0,49085.0,4756
2021-12-27,51275.0,52200.0,50520.0,51040.0,5511
2021-12-28,47755.0,51045.0,47300.0,51025.0,7868
2021-12-29,47370.0,48095.0,46550.0,47585.0,6913
2021-12-30,47170.0,47970.0,45880.0,47230.0,6480
2021-12-31,47977.03125,48590.0,46915.0,47055.0,3726
2022-01-03,45865.0,47660.0,45680.0,47120.0,4161
2022-01-04,46305.0,47650.0,45485.0,46205.0,5049
2022-01-05,43830.0,47100.0,43290.0,46100.0,8922
2022-01-06,43215.0,43720.0,42375.0,43405.0,5222
2022-01-07,41870.0,43240.0,40470.0,43170.0,9276
2022-01-10,41745.0,42245.0,39470.0,42205.0,8665
2022-01-11,42805.0,43155.0,41220.0,41595.0,6191
2022-01-12,43825.0,44310.0,42455.0,42695.0,4068
2022-01-13,42675.0,44450.0,42280.0,43880.0,4068
2022-01-14,43120.0,43445.0,41680.0,42620.0,4202
2022-01-18,41665.0,43315.0,41175.0,43270.0,6821
2022-01-19,41575.0,42615.0,41080.0,42430.0,6542
2022-01-20,42675.0,43545.0,41260.0,41940.0,7229
2022-01-21,38180.0,41135.0,36150.0,41125.0,11781
2022-01-24,37220.0,37600.0,32855.0,35555.0,16299
2022-01-25,36855.0,37550.0,35725.0,36490.0,8969
2022-01-26,37060.0,38895.0,36330.0,36765.0,10251
2022-01-27,35565.0,37210.0,35485.0,36555.0,8331
2022-01-28,37075.890625,37415.0,36215.0,36535.0,5566
2022-01-31,38485.0,38790.0,36620.0,37845.0,4094
2022-02-01,38585.0,39275.0,38055.0,38450.0,4095
2022-02-02,37535.0,38900.0,36515.0,38685.0,4396
2022-02-03,36265.0,37100.0,36235.0,36970.0,4222
2022-02-04,40640.0,40935.0,36895.0,36930.0,9595
2022-02-07,44235.0,44615.0,41420.0,41420.0,7457
2022-02-08,44340.0,45605.0,42780.0,44110.0,5873
2022-02-09,44855.0,44900.0,43210.0,44235.0,4103
2022-02-10,44180.0,45905.0,43270.0,44640.0,8449
2022-02-11,42390.0,44145.0,42075.0,43950.0,6220
2022-02-14,42205.0,42930.0,41560.0,42470.0,5402
2022-02-15,44215.0,44620.0,42495.0,42665.0,4089
2022-02-16,44175.0,44860.0,43350.0,44210.0,3894
2022-02-17,40900.0,44275.0,40090.0,44075.0,6682
2022-02-18,39945.0,41000.0,39485.0,40675.0,7267
2022-02-22,37915.0,39460.0,36340.0,38860.0,12994
2022-02-23,37660.0,39235.0,37365.0,37890.0,9503
2022-02-24,38360.0,39740.0,34295.0,37670.0,14197
2022-02-25,39202.08984375,39645.0,37900.0,38110.0,6107
2022-02-28,42000.0,42055.0,37205.0,37860.0,9471
2022-03-01,44240.0,45110.0,42930.0,43100.0,8747
2022-03-02,43925.0,45455.0,43420.0,44205.0,6395
2022-03-03,42080.0,44325.0,41870.0,44205.0,6109
2022-03-04,39545.0,42640.0,39090.0,42495.0,5656
2022-03-07,37540.0,39540.0,37180.0,39060.0,5831
2022-03-08,38505.0,39410.0,37895.0,38110.0,5230
2022-03-09,41920.0,42715.0,38540.0,38540.0,7469
2022-03-10,39630.0,42245.0,38555.0,42055.0,5922
2022-03-11,38325.0,40260.0,38240.0,39530.0,5471
2022-03-14,38830.0,39340.0,37495.0,38725.0,4213
2022-03-15,39760.0,39935.0,38085.0,38725.0,4604
2022-03-16,40920.0,41765.0,38810.0,39725.0,8470
2022-03-17,40885.0,41520.0,40570.0,41200.0,2547
2022-03-18,42095.0,42360.0,40180.0,41050.0,5113
2022-03-21,41220.0,41595.0,40555.0,41445.0,5712
2022-03-22,42390.0,43490.0,40885.0,41335.0,10059
2022-03-23,42250.0,42985.0,41815.0,42880.0,8001
2022-03-24,43965.0,44340.0,42345.0,42430.0,11117
2022-03-25,44504.0,45170.0,43625.0,43975.0,5774
2022-03-28,48190.0,48475.0,46550.0,46740.0,6528
2022-03-29,47930.0,48390.0,47235.0,47970.0,4677
2022-03-30,47240.0,48000.0,46715.0,47430.0,4074
2022-03-31,45735.0,47875.0,45620.0,47220.0,5480
2022-04-01,46550.0,46910.0,44345.0,45865.0,5689
2022-04-04,46085.0,47610.0,45205.0,47225.0,5287
2022-04-05,46140.0,47445.0,45550.0,46600.0,7492
2022-04-06,43775.0,46060.0,43130.0,45995.0,7113
2022-04-07,43380.0,43885.0,42720.0,43880.0,4605
2022-04-08,42715.0,44090.0,42445.0,43565.0,5079
2022-04-11,39955.0,42805.0,39460.0,42710.0,5945
2022-04-12,39290.0,40805.0,39190.0,39410.0,5562
2022-04-13,41120.0,41590.0,39560.0,39650.0,5018
2022-04-14,39825.0,41540.0,39565.0,41240.0,3012
2022-04-18,40700.0,41125.0,38535.0,40150.0,5796
2022-04-19,41520.0,41820.0,40585.0,40825.0,3695
2022-04-20,41235.0,42295.0,40895.0,41335.0,3726
2022-04-21,41245.0,43010.0,40610.0,41550.0,5772
2022-04-22,39455.0,40815.0,39165.0,40650.0,4525
2022-04-25,40210.0,40400.0,38190.0,39595.0,7333
2022-04-26,38220.0,40765.0,37665.0,40210.0,10107
2022-04-27,38900.0,39475.0,37665.0,38210.0,6779
2022-04-28,39920.0,40440.0,38900.0,39220.0,8547
2022-04-29,38997.33984375,39840.0,38595.0,39785.0,4974
2022-05-02,38540.0,39180.0,38005.0,38350.0,4364
2022-05-03,37635.0,38810.0,37420.0,38685.0,4864
2022-05-04,39900.0,40100.0,37535.0,37725.0,8011
2022-05-05,36270.0,39860.0,35520.0,39795.0,10002
2022-05-06,35925.0,36595.0,35180.0,36405.0,5712
2022-05-09,30930.0,34455.0,30300.0,34455.0,12896
2022-05-10,31280.0,32615.0,29700.0,30960.0,7243
2022-05-11,29195.0,32140.0,28105.0,30195.0,19281
2022-05-12,28585.0,30100.0,25350.0,28860.0,15142
2022-05-13,30035.0,31000.0,28230.0,28255.0,6899
2022-05-16,29505.0,31400.0,29020.0,31000.0,6177
2022-05-17,30000.0,30745.0,29420.0,30130.0,7459
2022-05-18,29185.0,30650.0,28650.0,30560.0,7228
2022-05-19,29945.0,30510.0,28555.0,29025.0,8809
2022-05-20,29260.0,30715.0,28635.0,30235.0,9098
2022-05-23,29015.0,30680.0,28960.0,30010.0,11285
2022-05-24,29305.0,29580.0,28570.0,29235.0,11237
2022-05-25,29535.0,30225.0,29300.0,29585.0,9662
2022-05-26,29315.0,29895.0,27995.0,29750.0,12168
2022-05-27,29042.23046875,29605.0,28630.0,29550.0,8360
2022-05-31,31650.0,32455.0,29110.0,29170.0,14873
2022-06-01,30035.0,32020.0,29265.0,31700.0,7625
2022-06-02,30290.0,30435.0,29480.0,29535.0,6669
2022-06-03,29535.0,30725.0,29165.0,30355.0,6335
2022-06-06,31490.0,31805.0,29820.0,29900.0,9293
2022-06-07,31045.0,31575.0,29130.0,31500.0,11270
2022-06-08,30080.0,31580.0,29775.0,31460.0,7937
2022-06-09,29945.0,30665.0,29880.0,30320.0,4174
2022-06-10,28920.0,31025.0,28740.0,30085.0,8031
2022-06-13,23110.0,27365.0,22490.0,27355.0,18646
2022-06-14,22125.0,23290.0,20775.0,23010.0,16480
2022-06-15,21625.0,22385.0,20025.0,21460.0,19873
2022-06-16,20790.0,22945.0,20435.0,22165.0,9773
2022-06-17,20470.0,21315.0,20145.0,20645.0,8720
2022-06-21,20860.0,21715.0,19600.0,20390.0,18029
2022-06-22,20105.0,20920.0,19760.0,20920.0,13382
2022-06-23,20900.0,21090.0,19875.0,19945.0,10083
2022-06-24,21206.900390625,21535.0,20740.0,20740.0,7037
2022-06-27,20800.0,21530.0,20420.0,21360.0,5894
2022-06-28,20175.0,21195.0,20125.0,20765.0,5868
2022-06-29,20185.0,20405.0,19775.0,20290.0,6703
2022-06-30,18760.0,20295.0,18525.0,20240.0,10284
2022-07-01,19315.0,20790.0,18630.0,18700.0,10646
2022-07-05,20390.0,20740.0,18985.0,19270.0,15041
2022-07-06,20275.0,20450.0,19730.0,20310.0,5808
2022-07-07,21855.0,21890.0,20245.0,20360.0,8758
2022-07-08,21765.0,22550.0,21160.0,21670.0,9678
2022-07-11,20455.0,21045.0,20215.0,21045.0,7657
2022-07-12,19315.0,20190.0,19215.0,20190.0,7721
2022-07-13,19615.0,20090.0,18830.0,19290.0,12021
2022-07-14,20625.0,20885.0,19585.0,19890.0,10781
2022-07-15,21190.0,21215.0,20360.0,20440.0,6272
2022-07-18,21620.0,22785.0,20750.0,21080.0,10033
2022-07-19,23460.0,23725.0,21575.0,21660.0,11774
2022-07-20,23695.0,24300.0,22930.0,23650.0,10139
2022-07-21,23230.0,23685.0,22365.0,23595.0,7350
2022-07-22,22615.0,23800.0,22540.0,23210.0,6639
2022-07-25,21885.0,23035.0,21580.0,22830.0,10395
2022-07-26,20915.0,22045.0,20715.0,22045.0,11713
2022-07-27,22780.0,23120.0,21000.0,21015.0,13017
2022-07-28,23805.0,24230.0,22620.0,22785.0,11797
2022-07-29,24082.44921875,24490.0,23460.0,23950.0,7464
2022-08-01,23030.0,23685.0,22895.0,23655.0,5781
2022-08-02,23000.0,23510.0,22685.0,23050.0,5487
2022-08-03,23540.0,23705.0,22730.0,23175.0,6020
2022-08-04,22455.0,23370.0,22405.0,23370.0,7914
2022-08-05,22960.0,23555.0,22475.0,22505.0,8818
2022-08-08,23985.0,24355.0,23085.0,23310.0,7581
2022-08-09,23060.0,23965.0,22850.0,23880.0,8218
2022-08-10,23655.0,24240.0,22630.0,23200.0,9528
2022-08-11,24245.0,24980.0,23840.0,24000.0,9242
2022-08-12,24240.0,24315.0,23600.0,24225.0,4938
2022-08-15,24000.0,25270.0,23890.0,24360.0,7443
2022-08-16,23945.0,24265.0,23640.0,24060.0,5100
2022-08-17,23230.0,24465.0,23145.0,23960.0,8565
2022-08-18,23335.0,23590.0,23210.0,23260.0,3984
2022-08-19,21230.0,23370.0,21035.0,23330.0,11296
2022-08-22,20965.0,21595.0,20805.0,21420.0,7314
2022-08-23,21490.0,21660.0,20790.0,21055.0,8565
2022-08-24,21710.0,21900.0,21125.0,21480.0,9887
2022-08-25,21565.0,21810.0,21290.0,21610.0,7808
2022-08-26,21417.890625,21865.0,21035.0,21425.0,13737
2022-08-29,19965.0,20315.0,19345.0,19890.0,7992
2022-08-30,19770.0,20630.0,19345.0,19985.0,7230
2022-08-31,20065.0,20400.0,19585.0,19745.0,7256
2022-09-01,19695.0,20145.0,19310.0,20130.0,7103
2022-09-02,19775.0,20390.0,19555.0,19975.0,9765
2022-09-06,18635.0,20080.0,18480.0,19745.0,15290
2022-09-07,18925.0,19365.0,18360.0,18780.0,6749
2022-09-08,19260.0,19400.0,18905.0,19170.0,7811
2022-09-09,21345.0,21485.0,19010.0,19010.0,16199
2022-09-12,22455.0,22530.0,21500.0,21500.0,8764
2022-09-13,20240.0,22875.0,20050.0,22390.0,15358
2022-09-14,19925.0,20500.0,19585.0,20110.0,7625
2022-09-15,19730.0,20345.0,19450.0,20130.0,7042
2022-09-16,19575.0,19865.0,19275.0,19750.0,6561
2022-09-19,19480.0,19620.0,18195.0,19490.0,12241
2022-09-20,18950.0,19640.0,18690.0,19525.0,8868
2022-09-21,18980.0,19885.0,18670.0,18880.0,15361
2022-09-22,19295.0,19475.0,18085.0,18510.0,9042
2022-09-23,18745.0,19495.0,18455.0,19200.0,9164
2022-09-26,19180.0,19300.0,18545.0,18700.0,11533
2022-09-27,19045.0,20400.0,18775.0,19060.0,18567
2022-09-28,19565.0,19685.0,18440.0,18975.0,14508
2022-09-29,19405.0,19700.0,18820.0,19630.0,10690
2022-09-30,19698.599609375,19725.0,19185.0,19510.0,12261
2022-10-03,19525.0,19690.0,18785.0,19190.0,12200
2022-10-04,20285.0,20535.0,19515.0,19535.0,11729
2022-10-05,20140.0,20440.0,19740.0,20385.0,9665
2022-10-06,20025.0,20515.0,19870.0,20085.0,9200
2022-10-07,19410.0,20080.0,19260.0,19870.0,11120
2022-10-10,19125.0,19465.0,19015.0,19390.0,7446
2022-10-11,18900.0,19225.0,18760.0,19165.0,9226
2022-10-12,19095.0,19145.0,18900.0,18935.0,5182
2022-10-13,19360.0,19575.0,17810.0,19150.0,23505
2022-10-14,19110.0,19975.0,19065.0,19415.0,14027
2022-10-17,19515.0,19680.0,19070.0,19070.0,7538
2022-10-18,19180.0,19715.0,19045.0,19525.0,8664
2022-10-19,19200.0,19340.0,19035.0,19255.0,5612
2022-10-20,19030.0,19340.0,18875.0,19150.0,9380
2022-10-21,19195.0,19250.0,18615.0,19050.0,10597
2022-10-24,19340.0,19695.0,19130.0,19470.0,11740
2022-10-25,20305.0,20445.0,19230.0,19310.0,18642
2022-10-26,20780.0,21055.0,20015.0,20215.0,16618
2022-10-27,20625.0,20935.0,20245.0,20735.0,10277
2022-10-28,20478.439453125,20560.0,19965.0,20385.0,8559
2022-10-31,20380.0,20890.0,20220.0,20715.0,7208
2022-11-01,20480.0,20725.0,20320.0,20430.0,4663
2022-11-02,20265.0,20870.0,20105.0,20500.0,9266
2022-11-03,20285.0,20415.0,20030.0,20165.0,7002
2022-11-04,21155.0,21400.0,20185.0,20280.0,16426
2022-11-07,20845.0,21215.0,20635.0,21200.0,6250
2022-11-08,18080.0,20700.0,16835.0,20500.0,44896
2022-11-09,15615.0,18565.0,14925.0,18480.0,29101
2022-11-10,17780.0,17935.0,15230.0,15440.0,18015
2022-11-11,16050.0,17480.0,15715.0,17460.0,12252
2022-11-14,16005.0,16740.0,15250.0,15870.0,7191
2022-11-15,16690.0,16990.0,16085.0,16085.0,7408
2022-11-16,16285.0,16855.0,16015.0,16715.0,7008
2022-11-17,16520.0,16610.0,16115.0,16370.0,5977
2022-11-18,16530.0,16880.0,16365.0,16545.0,6052
2022-11-21,15690.0,16265.0,15355.0,16155.0,12988
2022-11-22,16055.0,16295.0,15515.0,15645.0,12763
2022-11-23,16610.0,16705.0,16080.0,16115.0,9969
2022-11-25,16512.2890625,16805.0,16340.0,16470.0,3599
2022-11-28,15990.0,16375.0,15630.0,16335.0,6804
2022-11-29,16265.0,16410.0,15880.0,15920.0,4649
2022-11-30,17080.0,17140.0,16160.0,16235.0,8018
2022-12-01,16820.0,17235.0,16760.0,17190.0,6039
2022-12-02,16995.0,17055.0,16055.0,16870.0,3869
2022-12-05,16825.0,17435.0,16750.0,17020.0,6335
2022-12-06,16945.0,17025.0,16800.0,16865.0,3720
2022-12-07,16725.0,17090.0,16580.0,16935.0,3966
2022-12-08,17185.0,17320.0,16665.0,16760.0,7120
2022-12-09,17035.0,17355.0,17005.0,17240.0,4444
2022-12-12,17115.0,17220.0,16820.0,17080.0,4191
2022-12-13,17745.0,18125.0,17050.0,17170.0,9178
2022-12-14,17795.0,18420.0,17680.0,17775.0,7805
2022-12-15,17395.0,17875.0,17290.0,17840.0,5851
2022-12-16,16775.0,17525.0,16675.0,17340.0,7266
2022-12-19,16495.0,16770.0,16395.0,16690.0,4393
2022-12-20,16840.0,17095.0,16275.0,16325.0,5601
2022-12-21,16735.0,16885.0,16670.0,16870.0,2295
2022-12-22,16735.0,16850.0,16460.0,16725.0,5529
2022-12-23,16780.0,16910.0,16695.0,16760.0,5712
2022-12-27,16595.0,16950.0,16515.0,16825.0,7685
2022-12-28,16570.0,16760.0,16420.0,16640.0,9933
2022-12-29,16585.0,16640.0,16435.0,16510.0,6599
2022-12-30,16498.080078125,16625.0,16285.0,16615.0,6062
2023-01-03,16615.0,16765.0,16525.0,16675.0,4086
2023-01-04,16780.0,17015.0,16610.0,16625.0,7387
2023-01-05,16840.0,16890.0,16715.0,16810.0,3408
2023-01-06,16895.0,17085.0,16645.0,16825.0,6144
2023-01-09,17225.0,17440.0,16955.0,16980.0,7471
2023-01-10,17535.0,17555.0,17135.0,17180.0,5068
2023-01-11,17615.0,17635.0,17330.0,17490.0,4674
2023-01-12,19155.0,19200.0,17615.0,17625.0,14036
2023-01-13,19550.0,19995.0,18785.0,18945.0,7033
2023-01-17,21485.0,21725.0,20690.0,20985.0,12709
2023-01-18,20800.0,21795.0,20460.0,21325.0,13106
2023-01-19,21200.0,21275.0,20730.0,20905.0,5319
2023-01-20,22390.0,22525.0,20935.0,21155.0,9472
2023-01-23,23090.0,23240.0,22585.0,22605.0,10731
2023-01-24,23065.0,23210.0,22775.0,22990.0,7975
2023-01-25,22940.0,23770.0,22345.0,22770.0,10974
2023-01-26,23075.0,23285.0,22835.0,23100.0,11146
2023-01-27,23052.73046875,23090.0,22545.0,22955.0,7950
2023-01-30,22825.0,24080.0,22715.0,23900.0,5865
2023-01-31,23250.0,23410.0,22850.0,22870.0,3489
2023-02-01,23755.0,23965.0,22905.0,23335.0,5605
2023-02-02,24005.0,24450.0,23550.0,23940.0,7693
2023-02-03,23485.0,23890.0,23340.0,23665.0,6471
2023-02-06,23110.0,23275.0,22755.0,23100.0,4857
2023-02-07,23300.0,23460.0,22725.0,22960.0,5725
2023-02-08,22885.0,23540.0,22695.0,23300.0,5590
2023-02-09,22010.0,23085.0,21720.0,23015.0,10270
2023-02-10,21775.0,21970.0,21505.0,21825.0,6154
2023-02-13,21710.0,21930.0,21380.0,21820.0,7442
2023-02-14,22335.0,22375.0,21575.0,21700.0,8590
2023-02-15,24250.0,24415.0,22100.0,22270.0,10953
2023-02-16,24640.0,25345.0,24245.0,24285.0,16546
2023-02-17,24870.0,25095.0,23430.0,24080.0,12414
2023-02-21,24490.0,25335.0,23905.0,24505.0,19029
2023-02-22,23800.0,24495.0,23590.0,24395.0,13563
2023-02-23,23920.0,24610.0,23620.0,24100.0,11773
2023-02-24,23576.05078125,24100.0,23560.0,23880.0,12099
2023-02-27,23445.0,24060.0,23235.0,23565.0,6664
2023-02-28,23410.0,23780.0,23150.0,23585.0,4903
2023-03-01,23530.0,24165.0,23140.0,23275.0,6343
2023-03-02,23590.0,23925.0,23300.0,23645.0,4721
2023-03-03,22320.0,23615.0,22020.0,23560.0,12038
2023-03-06,22390.0,22665.0,22300.0,22455.0,4800
2023-03-07,22070.0,22600.0,21940.0,22455.0,6742
2023-03-08,22115.0,22300.0,21880.0,22100.0,6280
2023-03-09,20065.0,21850.0,19960.0,21800.0,14035
2023-03-10,19965.0,20330.0,19520.0,20300.0,13496
2023-03-13,24405.0,24620.0,21110.0,21250.0,28142
2023-03-14,25240.0,26615.0,24030.0,24230.0,16272
2023-03-15,24490.0,25440.0,24005.0,24655.0,13885
2023-03-16,25090.0,25300.0,24250.0,24610.0,6503
2023-03-17,27000.0,27155.0,25000.0,25040.0,12866
2023-03-20,27945.0,28715.0,27320.0,28095.0,9810
2023-03-21,28310.0,28680.0,27555.0,28150.0,6288
2023-03-22,26800.0,29045.0,26700.0,28210.0,10975
2023-03-23,28550.0,28935.0,27075.0,27200.0,11418
2023-03-24,27915.0,28570.0,27480.0,28385.0,5845
2023-03-27,26980.0,28240.0,26520.0,27960.0,11152
2023-03-28,27455.0,27545.0,26650.0,27175.0,9898
2023-03-29,28440.0,28685.0,27170.0,27170.0,9845
2023-03-30,27965.0,29220.0,27680.0,28355.0,9730
2023-03-31,28476.5,28625.0,27620.0,28090.0,6392
2023-04-03,28265.0,28775.0,27595.0,28540.0,7861
2023-04-04,28375.0,28650.0,27855.0,27930.0,6996
2023-04-05,28385.0,28985.0,27935.0,28390.0,8243
2023-04-06,28140.0,28350.0,27765.0,28350.0,1295
2023-04-10,29420.0,29670.0,28265.0,28505.0,9746
2023-04-11,30325.0,30775.0,29435.0,29445.0,8509
2023-04-12,29925.0,30710.0,29800.0,30365.0,5859
2023-04-13,30530.0,30900.0,29940.0,30035.0,5866
2023-04-14,30470.0,31200.0,30065.0,30445.0,7294
2023-04-17,29550.0,30585.0,29285.0,30585.0,6895
2023-04-18,30325.0,30590.0,29145.0,29555.0,5579
2023-04-19,29265.0,30520.0,29010.0,30435.0,7617
2023-04-20,28095.0,29255.0,27985.0,29195.0,7611
2023-04-21,27310.0,28360.0,27195.0,28240.0,6273
2023-04-24,27400.0,28010.0,26980.0,27425.0,7463
2023-04-25,27605.0,28070.0,27195.0,27450.0,7926
2023-04-26,27900.0,30050.0,27250.0,28320.0,14869
2023-04-27,29690.0,29920.0,28210.0,28670.0,11291
2023-04-28,29177.470703125,29705.0,28890.0,29655.0,6022
2023-05-01,27915.0,29615.0,27710.0,29615.0,8811
2023-05-02,28850.0,29055.0,27955.0,28030.0,7112
2023-05-03,28415.0,28955.0,28180.0,28795.0,6486
2023-05-04,29015.0,29525.0,28775.0,29005.0,6574
2023-05-05,29765.0,29910.0,28860.0,28940.0,8255
2023-05-08,27365.0,29110.0,27320.0,29105.0,11968
2023-05-09,27770.0,27875.0,27400.0,27595.0,4968
2023-05-10,27775.0,28415.0,26745.0,27660.0,11878
2023-05-11,26845.0,27810.0,26730.0,27615.0,7435
2023-05-12,26485.0,27085.0,25840.0,27010.0,7783
2023-05-15,27475.0,27740.0,26770.0,26885.0,5914
2023-05-16,26965.0,27420.0,26905.0,27410.0,4243
2023-05-17,27430.0,27520.0,26540.0,27055.0,6683
2023-05-18,26780.0,27545.0,26375.0,27390.0,7836
2023-05-19,26885.0,27235.0,26675.0,26885.0,5175
2023-05-22,26865.0,27160.0,26540.0,26825.0,7447
2023-05-23,27200.0,27565.0,26800.0,26915.0,9455
2023-05-24,26225.0,27265.0,26015.0,27250.0,13562
2023-05-25,26470.0,26645.0,25805.0,26370.0,11838
2023-05-26,26750.9296875,26825.0,26330.0,26500.0,5519
2023-05-30,28070.0,28665.0,27700.0,27915.0,10217
2023-05-31,27075.0,28040.0,26910.0,27905.0,9363
2023-06-01,26925.0,27440.0,26675.0,27185.0,5116
2023-06-02,27385.0,27440.0,26560.0,26965.0,7219
2023-06-05,25640.0,27615.0,25390.0,27335.0,14010
2023-06-06,27265.0,27375.0,25315.0,25665.0,14581
2023-06-07,26610.0,27525.0,26330.0,27170.0,7113
2023-06-08,26650.0,26955.0,26200.0,26335.0,4011
2023-06-09,26475.0,26920.0,26380.0,26710.0,4376
2023-06-12,25890.0,26190.0,25670.0,26155.0,5095
2023-06-13,25930.0,26555.0,25725.0,26010.0,5185
2023-06-14,25900.0,26155.0,24815.0,25890.0,5866
2023-06-15,25470.0,25620.0,24745.0,25110.0,10605
2023-06-16,26445.0,26600.0,25145.0,25600.0,10238
2023-06-20,28180.0,28445.0,26310.0,26485.0,17218
2023-06-21,30260.0,30940.0,28250.0,28250.0,18504
2023-06-22,30370.0,30685.0,29740.0,30020.0,10153
2023-06-23,31120.0,31655.0,29975.0,30175.0,12562
2023-06-26,30315.0,30800.0,30000.0,30690.0,9077
2023-06-27,30705.0,31115.0,30185.0,30215.0,10865
2023-06-28,30110.0,30785.0,29870.0,30785.0,11519
2023-06-29,30550.0,30870.0,30055.0,30170.0,11871
2023-06-30,30128.509765625,31255.0,29625.0,30395.0,19808
2023-07-03,31700.0,31835.0,30735.0,30850.0,6603
2023-07-05,30675.0,31725.0,30420.0,31480.0,9567
2023-07-06,30510.0,31860.0,30060.0,30705.0,11172
2023-07-07,30370.0,30685.0,29875.0,30370.0,6541
2023-07-10,31055.0,31260.0,30075.0,30290.0,5866
2023-07-11,30755.0,31000.0,30305.0,30700.0,6161
2023-07-12,30395.0,31190.0,30325.0,30705.0,10377
2023-07-13,31925.0,32165.0,30360.0,30460.0,14992
2023-07-14,30235.0,31910.0,30025.0,31515.0,11611
2023-07-17,29990.0,30495.0,29740.0,30415.0,6236
2023-07-18,29785.0,30355.0,29535.0,30335.0,5773
2023-07-19,30105.0,30275.0,29775.0,29810.0,5138
2023-07-20,29765.0,30515.0,29560.0,29955.0,9406
2023-07-21,29885.0,30120.0,29735.0,29920.0,5304
2023-07-24,29105.0,30135.0,28810.0,29960.0,13190
2023-07-25,29180.0,29390.0,29055.0,29145.0,8133
2023-07-26,29395.0,29690.0,29075.0,29240.0,8174
2023-07-27,29115.0,29575.0,29035.0,29505.0,8850
2023-07-28,29397.080078125,29420.0,29080.0,29200.0,6829
2023-07-31,29285.0,29760.0,29255.0,29390.0,5498
2023-08-01,29440.0,29520.0,28625.0,29400.0,10567
2023-08-02,29280.0,30245.0,28980.0,29385.0,10812
2023-08-03,29410.0,29600.0,29060.0,29285.0,4673
2023-08-04,29090.0,29490.0,28860.0,29400.0,5362
2023-08-07,29255.0,29315.0,28720.0,29125.0,6493
2023-08-08,30075.0,30260.0,29235.0,29320.0,10861
2023-08-09,29510.0,30275.0,29460.0,30065.0,7172
2023-08-10,29495.0,29855.0,29390.0,29635.0,4119
2023-08-11,29465.0,29680.0,29310.0,29560.0,4910
2023-08-14,29395.0,29810.0,29095.0,29450.0,7834
2023-08-15,29225.0,29595.0,29115.0,29460.0,4356
2023-08-16,29130.0,29305.0,28855.0,29255.0,5150
2023-08-17,27850.0,28990.0,27485.0,28955.0,14274
2023-08-18,26020.0,27005.0,25600.0,26475.0,11658
2023-08-21,26065.0,26220.0,25795.0,26195.0,7374
2023-08-22,25730.0,26165.0,25690.0,26160.0,7666
2023-08-23,26640.0,26810.0,25585.0,25595.0,12134
2023-08-24,25995.0,26560.0,25805.0,26300.0,8638
2023-08-25,26003.359375,26190.0,25945.0,26070.0,5998
2023-08-28,26090.0,26360.0,25930.0,26210.0,3315
2023-08-29,28010.0,28335.0,25980.0,26075.0,19905
2023-08-30,27260.0,27970.0,27130.0,27875.0,7293
2023-08-31,26240.0,27705.0,26010.0,27385.0,10310
2023-09-01,25700.0,26225.0,25400.0,26070.0,6918
2023-09-05,25735.0,26170.0,25580.0,25985.0,4758
2023-09-06,25705.0,26140.0,25335.0,25795.0,5237
2023-09-07,25980.0,26090.0,25630.0,25795.0,3776
2023-09-08,26005.0,26560.0,25690.0,26210.0,6232
2023-09-11,25030.0,26120.0,24925.0,25930.0,8627
2023-09-12,26125.0,26685.0,25100.0,25140.0,11268
2023-09-13,26205.0,26520.0,25845.0,26180.0,5247
2023-09-14,26765.0,26955.0,26215.0,26330.0,5968
2023-09-15,26475.0,26780.0,26265.0,26635.0,3990
2023-09-18,26885.0,27550.0,26425.0,26560.0,10480
2023-09-19,27270.0,27620.0,26715.0,26885.0,8349
2023-09-20,26990.0,27455.0,26845.0,27225.0,5569
2023-09-21,26635.0,27230.0,26380.0,27165.0,6747
2023-09-22,26545.0,26815.0,26525.0,26600.0,3757
2023-09-25,26355.0,26545.0,25985.0,26545.0,9696
2023-09-26,26245.0,26430.0,26090.0,26300.0,8234
2023-09-27,26250.0,26890.0,26080.0,26150.0,12318
2023-09-28,27120.0,27370.0,26280.0,26280.0,10622
2023-09-29,26869.689453125,27225.0,26750.0,27040.0,6417
2023-10-02,28150.0,28950.0,27190.0,27190.0,16751
2023-10-03,27385.0,27805.0,27290.0,27680.0,8348
2023-10-04,27775.0,28015.0,27270.0,27520.0,5558
2023-10-05,27605.0,28340.0,27465.0,27855.0,10419
2023-10-06,28145.0,28275.0,27290.0,27600.0,9349
2023-10-09,27735.0,28145.0,27370.0,28085.0,7430
2023-10-10,27490.0,27890.0,27390.0,27720.0,6128
2023-10-11,26800.0,27590.0,26575.0,27540.0,10160
2023-10-12,26755.0,27025.0,26575.0,26775.0,4426
2023-10-13,26840.0,27160.0,26695.0,26795.0,4859
2023-10-16,28575.0,30365.0,27145.0,27275.0,26787
2023-10-17,28620.0,28805.0,28245.0,28575.0,6603
2023-10-18,28320.0,29120.0,28215.0,28590.0,4733
2023-10-19,28900.0,29095.0,28175.0,28335.0,7780
2023-10-20,29685.0,30465.0,28700.0,28745.0,10080
2023-10-23,31485.0,31940.0,29840.0,29860.0,15576
2023-10-24,33845.0,35265.0,31705.0,31705.0,26556
2023-10-25,34840.0,35245.0,33745.0,34150.0,13542
2023-10-26,34065.0,34940.0,33760.0,34685.0,11713
2023-10-27,33980.05078125,34290.0,33835.0,34150.0,7077
2023-10-30,34765.0,35175.0,34330.0,34785.0,6449
2023-10-31,34905.0,35110.0,34295.0,34775.0,5971
2023-11-01,34965.0,35940.0,34310.0,34865.0,9752
2023-11-02,35300.0,36575.0,34590.0,35810.0,10328
2023-11-03,34805.0,35265.0,34395.0,35200.0,6829
2023-11-06,35320.0,35820.0,35030.0,35310.0,5080
2023-11-07,36145.0,36340.0,34755.0,35385.0,8038
2023-11-08,35895.0,36415.0,35300.0,35760.0,7862
2023-11-09,36805.0,38380.0,35865.0,36090.0,16525
2023-11-10,37555.0,37875.0,36605.0,36815.0,8283
2023-11-13,36915.0,37720.0,36505.0,37510.0,6819
2023-11-14,35365.0,36975.0,34820.0,36805.0,10502
2023-11-15,37820.0,38130.0,35490.0,35665.0,12335
2023-11-16,36040.0,38285.0,35610.0,37955.0,11861
2023-11-17,36565.0,37045.0,35945.0,36295.0,10400
2023-11-20,37615.0,37865.0,36745.0,37075.0,15555
2023-11-21,36920.0,37745.0,36225.0,37525.0,17841
2023-11-22,37655.0,37925.0,35600.0,36430.0,11869
2023-11-23,37220.0,37705.0,36890.0,37540.0,11869
2023-11-24,38122.83984375,38195.0,36890.0,37540.0,10216
2023-11-27,37210.0,38365.0,37100.0,38365.0,8695
2023-11-28,38885.0,39250.0,37300.0,37555.0,12491
2023-11-29,38065.0,39105.0,38005.0,38585.0,9088
2023-11-30,38190.0,38650.0,37870.0,38205.0,6891
2023-12-01,39225.0,39640.0,38045.0,38150.0,11744
2023-12-04,42280.0,42715.0,40325.0,40480.0,13276
2023-12-05,44290.0,44725.0,41810.0,42395.0,10616
2023-12-06,44215.0,44775.0,43815.0,44770.0,9164
2023-12-07,43700.0,44555.0,43355.0,44220.0,7768
2023-12-08,44910.0,45260.0,43515.0,43595.0,7011
2023-12-11,41035.0,44320.0,40450.0,44320.0,14410
2023-12-12,41455.0,42295.0,40895.0,41530.0,6933
2023-12-13,43210.0,43505.0,40800.0,41445.0,7734
2023-12-14,43140.0,43710.0,41935.0,43350.0,8287
2023-12-15,42440.0,43455.0,41855.0,43285.0,6434
2023-12-18,42105.0,42995.0,40705.0,41950.0,6931
2023-12-19,42360.0,43670.0,41905.0,42770.0,9272
2023-12-20,43630.0,44585.0,42305.0,42455.0,10587
2023-12-21,43860.0,44465.0,43470.0,43770.0,8472
2023-12-22,43765.0,44640.0,43495.0,44110.0,9107
2023-12-26,42150.0,43760.0,41645.0,43740.0,11155
2023-12-27,43565.0,43685.0,42150.0,42475.0,9099
2023-12-28,42515.0,43895.0,42265.0,43450.0,6585
2023-12-29,42679.73828125,43115.0,42215.0,42675.0,6815
2024-01-02,45330.0,47095.0,43965.0,43965.0,19344
2024-01-03,43080.0,46015.0,41110.0,45500.0,14998
2024-01-04,44630.0,45425.0,43005.0,43285.0,8081
2024-01-05,44385.0,44870.0,43160.0,44845.0,6448
2024-01-08,47305.0,47800.0,43490.0,44300.0,13422
2024-01-09,47045.0,48500.0,45270.0,47495.0,13488
2024-01-10,46325.0,47075.0,44505.0,46405.0,18562
2024-01-11,46350.0,49435.0,45700.0,47080.0,26661
2024-01-12,43690.0,46685.0,43165.0,46505.0,19477
2024-01-16,43295.0,43675.0,41705.0,42365.0,14369
2024-01-17,42810.0,43405.0,42215.0,43370.0,7598
2024-01-18,40880.0,42945.0,40590.0,42745.0,13037
2024-01-19,41585.0,42165.0,40300.0,41300.0,11085
2024-01-22,40180.0,41665.0,39345.0,41600.0,13318
2024-01-23,39235.0,40170.0,38540.0,39755.0,12701
2024-01-24,39700.0,40540.0,39450.0,39450.0,11877
2024-01-25,39750.0,40315.0,39545.0,39945.0,7377
2024-01-26,41327.19140625,41565.0,39840.0,39970.0,9966
2024-01-29,43530.0,43665.0,42040.0,42190.0,7389
2024-01-30,43890.0,44255.0,43435.0,43445.0,7256
2024-01-31,42815.0,44120.0,42575.0,43705.0,7804
2024-02-01,43275.0,43600.0,42100.0,42930.0,6568
2024-02-02,43185.0,43785.0,42810.0,43215.0,4777
2024-02-05,42555.0,43810.0,42340.0,42790.0,6737
2024-02-06,43305.0,43645.0,42590.0,42695.0,4921
2024-02-07,44410.0,44695.0,42930.0,43470.0,7443
2024-02-08,45750.0,45885.0,44410.0,44410.0,8758
2024-02-09,47770.0,48505.0,45535.0,45535.0,11047
2024-02-12,50465.0,50675.0,47950.0,48460.0,9063
2024-02-13,49640.0,50730.0,48600.0,50285.0,9230
2024-02-14,51990.0,52390.0,49535.0,49650.0,10316
2024-02-15,51955.0,53145.0,51605.0,52165.0,9406
2024-02-16,52025.0,52855.0,51825.0,51825.0,8909
2024-02-20,52090.0,53200.0,50830.0,52425.0,16703
2024-02-21,50955.0,52670.0,50630.0,52330.0,12760
2024-02-22,52040.0,52175.0,50935.0,51495.0,9292
2024-02-23,50958.01171875,51465.0,50760.0,51430.0,5157
2024-02-26,55290.0,55740.0,51460.0,52320.0,11813
2024-02-27,57620.0,58335.0,55250.0,55430.0,13225
2024-02-28,60870.0,64990.0,57350.0,57700.0,24495
2024-02-29,62760.0,64325.0,60975.0,61940.0,18024
2024-03-01,63825.0,64065.0,61490.0,62005.0,10098
2024-03-04,68480.0,68765.0,63055.0,63760.0,14722
2024-03-05,62425.0,70195.0,60120.0,68665.0,24388
2024-03-06,67760.0,68200.0,63385.0,63935.0,13346
2024-03-07,68365.0,68840.0,66060.0,66855.0,8061
2024-03-08,69805.0,71055.0,66755.0,68015.0,11249
2024-03-11,72660.0,73550.0,67550.0,69660.0,12897
2024-03-12,71800.0,73775.0,69125.0,73100.0,13572
2024-03-13,73915.0,74365.0,71210.0,71370.0,7789
2024-03-14,69600.0,74415.0,68805.0,73800.0,12636
2024-03-15,69165.0,72870.0,66125.0,71055.0,15859
2024-03-18,67180.0,69275.0,66830.0,68480.0,8669
2024-03-19,64595.0,68385.0,62485.0,67755.0,13848
2024-03-20,65990.0,68020.0,61020.0,64130.0,13914
2024-03-21,65415.0,68400.0,64600.0,67990.0,12956
2024-03-22,63975.0,66750.0,62655.0,65710.0,11341
2024-03-25,71130.0,71425.0,66390.0,66505.0,17480
2024-03-26,69440.0,71595.0,69330.0,70095.0,13919
2024-03-27,68635.0,71765.0,68305.0,69915.0,10711
2024-03-28,71296.171875,71570.0,68840.0,68860.0,7625
2024-04-01,70380.0,72230.0,68590.0,71500.0,8077
2024-04-02,66550.0,70555.0,65000.0,70340.0,10550
2024-04-03,66305.0,67455.0,64910.0,65865.0,6321
2024-04-04,68840.0,69910.0,65425.0,66250.0,9226
2024-04-05,67755.0,69160.0,66300.0,68230.0,7986
2024-04-08,72110.0,73380.0,69080.0,69105.0,10264
2024-04-09,69355.0,72455.0,68545.0,72185.0,9476
2024-04-10,70410.0,70560.0,67770.0,69565.0,10230
2024-04-11,70800.0,71770.0,69850.0,70460.0,7179
2024-04-12,67170.0,71805.0,65375.0,70570.0,14415
2024-04-15,63560.0,67215.0,62560.0,64100.0,15198
2024-04-16,62920.0,64085.0,61895.0,63560.0,9645
2024-04-17,61130.0,64665.0,59705.0,64125.0,15392
2024-04-18,63660.0,64390.0,61005.0,61425.0,12012
2024-04-19,64355.0,65640.0,59635.0,63680.0,12735
2024-04-22,66610.0,66945.0,64495.0,64695.0,10176
2024-04-23,66435.0,67340.0,65795.0,66690.0,9402
2024-04-24,63880.0,67120.0,63435.0,66335.0,12369
2024-04-25,64700.0,65015.0,62770.0,64240.0,9830
2024-04-26,64302.05078125,64760.0,63645.0,64740.0,5338
2024-04-29,63450.0,64620.0,62135.0,64620.0,6714
2024-04-30,59400.0,65335.0,59300.0,63645.0,12130
2024-05-01,57355.0,61150.0,56910.0,60345.0,12640
2024-05-02,59765.0,60070.0,57265.0,58340.0,7940
2024-05-03,62590.0,63660.0,59265.0,59565.0,8896
2024-05-06,63585.0,66015.0,63075.0,64185.0,6195
2024-05-07,63365.0,64835.0,63160.0,63905.0,3917
2024-05-08,62460.0,63445.0,61725.0,63305.0,4441
2024-05-09,62840.0,63120.0,60875.0,62110.0,4727
2024-05-10,60950.0,63890.0,60425.0,62980.0,9605
2024-05-13,63480.0,63855.0,61045.0,61465.0,8495
2024-05-14,61835.0,63485.0,61350.0,63295.0,5849
2024-05-15,66495.0,66870.0,61540.0,61925.0,12434
2024-05-16,65445.0,67135.0,64890.0,66390.0,6307
2024-05-17,67365.0,67865.0,65345.0,65815.0,7980
2024-05-20,70435.0,70805.0,66300.0,66525.0,9663
2024-05-21,69500.0,72360.0,69420.0,70115.0,11094
2024-05-22,69815.0,71010.0,69410.0,70060.0,6283
2024-05-23,67205.0,70370.0,66400.0,69795.0,10274
2024-05-24,69475.0,69585.0,66730.0,68100.0,9374
2024-05-28,68455.0,70855.0,67250.0,68735.0,15960
2024-05-29,67185.0,68965.0,67080.0,68420.0,7983
2024-05-30,68675.0,69670.0,67110.0,67510.0,10686
2024-05-31,67633.7265625,69010.0,67570.0,68330.0,7435
2024-06-03,69660.0,70975.0,68070.0,68200.0,9361
2024-06-04,71085.0,71770.0,68965.0,69560.0,8788
2024-06-05,71890.0,72455.0,70840.0,71155.0,6981
2024-06-06,70960.0,72265.0,70515.0,71840.0,5012
2024-06-07,69755.0,72660.0,68595.0,71260.0,11270
2024-06-10,69875.0,70655.0,69480.0,69995.0,4482
2024-06-11,67735.0,69895.0,66335.0,69775.0,10980
2024-06-12,67875.0,70480.0,67220.0,67710.0,10968
2024-06-13,66860.0,68855.0,66395.0,68855.0,7277
2024-06-14,65640.0,67655.0,65200.0,67260.0,6556
2024-06-17,66865.0,67525.0,65180.0,66350.0,7918
2024-06-18,64475.0,66920.0,64080.0,66695.0,9773
2024-06-20,65100.0,66675.0,64595.0,65190.0,9083
2024-06-21,64260.0,65260.0,63395.0,65185.0,9351
2024-06-24,59145.0,64005.0,58410.0,64005.0,15686
2024-06-25,62055.0,62460.0,59890.0,59950.0,13612
2024-06-26,60940.0,62495.0,60690.0,61995.0,9045
2024-06-27,61365.0,62415.0,60605.0,61000.0,6717
2024-06-28,61024.23046875,62210.0,60895.0,61415.0,8336
2024-07-01,63695.0,64335.0,62085.0,62085.0,9316
2024-07-02,62185.0,63630.0,62035.0,63535.0,6486
2024-07-03,59825.0,62510.0,59740.0,62275.0,7862
2024-07-05,56685.0,60635.0,53635.0,60300.0,18530
2024-07-08,56755.0,58525.0,54580.0,56850.0,10642
2024-07-09,58160.0,58570.0,56540.0,56825.0,7065
2024-07-10,57625.0,59740.0,57365.0,58120.0,6654
2024-07-11,57580.0,59895.0,57235.0,57685.0,7909
2024-07-12,57845.0,58790.0,56685.0,57565.0,6811
2024-07-15,63700.0,64210.0,60845.0,60985.0,13383
2024-07-16,65450.0,65505.0,62680.0,63845.0,11092
2024-07-17,64730.0,66295.0,64015.0,64805.0,8505
2024-07-18,63650.0,65390.0,63340.0,64540.0,7890
2024-07-19,67480.0,67740.0,63430.0,64045.0,17385
2024-07-22,68340.0,68655.0,66670.0,68655.0,13300
2024-07-23,65565.0,68135.0,65495.0,68095.0,12316
2024-07-24,65700.0,67230.0,65535.0,65895.0,10505
2024-07-25,64695.0,65770.0,63440.0,65740.0,8955
2024-07-26,67414.7890625,68010.0,65620.0,65700.0,8446
2024-07-29,67860.0,70825.0,67035.0,68930.0,12489
2024-07-30,66385.0,68135.0,65800.0,67970.0,8097
2024-07-31,65685.0,67360.0,65030.0,66835.0,7240
2024-08-01,63790.0,65720.0,62615.0,65365.0,11015
2024-08-02,62945.0,66065.0,62470.0,65200.0,11759
2024-08-05,53770.0,59445.0,49365.0,58885.0,30884
2024-08-06,57145.0,57420.0,54230.0,54705.0,11490
2024-08-07,55000.0,58030.0,54870.0,56805.0,9708
2024-08-08,59695.0,60240.0,54790.0,55635.0,11456
2024-08-09,60990.0,62970.0,59810.0,60620.0,8408
2024-08-12,59200.0,60910.0,57945.0,59250.0,8516
2024-08-13,61105.0,61895.0,58600.0,59415.0,7446
2024-08-14,59080.0,62200.0,58855.0,61270.0,7782
2024-08-15,57220.0,60050.0,56295.0,59000.0,9285
2024-08-16,59990.0,60130.0,57270.0,57755.0,10524
2024-08-19,59200.0,59810.0,58000.0,59700.0,6577
2024-08-20,59670.0,61650.0,58690.0,59175.0,10871
2024-08-21,61730.0,61995.0,58900.0,59365.0,8981
2024-08-22,60350.0,61700.0,59840.0,61410.0,9974
2024-08-23,63815.0,64000.0,60365.0,60610.0,19987
2024-08-26,63330.0,65200.0,63120.0,64500.0,11300
2024-08-27,62055.0,63510.0,61445.0,63255.0,11849
2024-08-28,58950.0,60485.0,57885.0,60485.0,13769
2024-08-29,59275.0,61235.0,58825.0,59220.0,9497
2024-08-30,59165.640625,59900.0,58700.0,59020.0,9451
2024-09-03,58240.0,60185.0,57315.0,58645.0,11642
2024-09-04,58355.0,58840.0,55725.0,58365.0,10982
2024-09-05,56215.0,58665.0,55955.0,58485.0,10653
2024-09-06,53695.0,57270.0,52820.0,56375.0,14268
2024-09-09,57410.0,57480.0,54545.0,54565.0,14268
2024-09-10,58195.0,58265.0,56610.0,57500.0,6715
2024-09-11,57860.0,58210.0,55645.0,57765.0,12196
2024-09-12,58580.0,58755.0,57415.0,57545.0,7146
2024-09-13,59935.0,60245.0,57810.0,58180.0,9727
2024-09-16,57985.0,59920.0,57550.0,59920.0,9573
2024-09-17,60105.0,61560.0,57665.0,58020.0,14607
2024-09-18,60140.0,61495.0,59270.0,60395.0,10263
2024-09-19,63415.0,64045.0,60345.0,60420.0,11001
2024-09-20,62935.0,64200.0,62430.0,63000.0,10825
2024-09-23,63360.0,64835.0,62430.0,62935.0,10084
2024-09-24,64460.0,64720.0,62745.0,63360.0,12625
2024-09-25,63200.0,64975.0,63005.0,64205.0,10119
2024-09-26,64735.0,65920.0,62670.0,63440.0,11420
2024-09-27,66196.90625,66240.0,64860.0,65185.0,10156
2024-09-30,63745.0,66400.0,63340.0,66285.0,12426
